"(41.9664224, -87.7279578)","(41.9645962, -87.7279098)","(41.9640942, -87.7278982)","(41.9640871, -87.7291239)","(41.9640801, -87.7303326)","(41.964073, -87.7315583)","(41.9634252, -87.7315405)","(41.9631492, -87.7311346)","(41.9624991, -87.731967)","(41.9618373, -87.7327651)","(41.9609032, -87.7327147)","(41.9608865, -87.7341979)","(41.96087, -87.7356614)","(41.9608548, -87.7370065)","(41.9608389, -87.7384203)","(41.9608232, -87.7398192)","(41.9608074, -87.7412216)","(41.9608018, -87.7417202)","(41.9607632, -87.7439553)","(41.9607566, -87.7450859)","(41.960745, -87.7463084)","(41.960738, -87.7467231)","(41.9607176, -87.7475382)","(41.9598213, -87.7475124)","(41.958004, -87.7457105)","(41.9598213, -87.7475124)","(41.9607176, -87.7475382)","(41.9617803, -87.7475684)","(41.9639244, -87.7474623)","(41.9643801, -87.7476272)","(41.9680327, -87.7477227)","(41.9689291, -87.7477091)","(41.9698535, -87.7478539)","(41.9707709, -87.7478769)","(41.9716833, -87.7478918)","(41.9725915, -87.7479037)","(41.9728962, -87.7479179)","(41.975339, -87.7479842)","(41.9779385, -87.748088)","(41.9789898, -87.7481167)","(41.9800374, -87.7481439)","(41.9803464, -87.7481544)","(41.9855897, -87.7483)","(41.9861295, -87.747089)","(41.9872088, -87.747093)","(41.987701, -87.7460486)","(41.9885252, -87.7458974)","(41.9898937, -87.7446632)","(41.9899968, -87.7446662)","(41.9911893, -87.7443926)","(41.9927325, -87.743062)","(41.994279, -87.741765)","(41.9956307, -87.74108)","(41.994279, -87.741765)","(41.993787, -87.7407519)","(41.9933026, -87.7397446)","(41.9917911, -87.7409946)","(41.9912606, -87.7398907)","(41.9900436, -87.7407975)","(41.9899394, -87.7407953)","(41.9881327, -87.7407579)","(41.9881506, -87.7395499)","(41.988165, -87.7383249)","(41.9863549, -87.7383407)","(41.9845259, -87.7383622)","(41.9863549, -87.7383407)","(41.9868533, -87.7372308)","(41.990076, -87.73296)","(41.9900833, -87.7324807)","(41.9900918, -87.7322153)","(41.990105, -87.7315571)","(41.9901239, -87.7300823)","(41.9901459, -87.7286343)","(41.9901546, -87.7279097)","(41.9901459, -87.7286343)","(41.9849225, -87.7284784)","(41.9843113, -87.7284598)","(41.9842953, -87.7296935)","(41.9842795, -87.7309097)","(41.9842637, -87.7321305)","(41.9828082, -87.732107)","(41.9828195, -87.7308676)","(41.9828307, -87.7296452)","(41.9828405, -87.7284124)","(41.9755268, -87.728239)","(41.9718847, -87.7281388)","(41.9700753, -87.7280883)","(41.9682509, -87.7280308)","(41.9664224, -87.7279578)",,,,,,,,,,,,,,,,,,,,,,,,,,,,,,,,,,,,,,,,,,,,,,,,,,,,,,,,,,,,,,,,,,,,,,,,,,,,,,,,,,,,,,,,,,,,,,,,,,,,,,,,,,,,,,,,,,,,,,,,,,,,,,,,,,,,,,,,,,,,,,,,,,,,,,,,,,,,,,,,,,,,,,,,,,,
"(41.9795085, -87.6926934)","(41.9785938, -87.6926214)","(41.9776839, -87.6925385)","(41.9767698, -87.6924093)","(41.9758766, -87.6923525)","(41.9748665, -87.6922582)","(41.9740402, -87.6920433)","(41.9729982, -87.6913826)","(41.971911, -87.6906747)","(41.9708422, -87.6899745)","(41.9704135, -87.6889607)","(41.9697191, -87.6889394)","(41.968612, -87.688893)","(41.9686159, -87.6885527)","(41.9686295, -87.6876795)","(41.9686481, -87.6864692)","(41.9686667, -87.6852564)","(41.9686853, -87.6840424)","(41.9687033, -87.6828426)","(41.9687085, -87.6824157)","(41.9687219, -87.6816114)","(41.9687333, -87.6807964)","(41.9687373, -87.6804077)","(41.9687532, -87.6791848)","(41.9687781, -87.6776906)","(41.968803, -87.6762015)","(41.9688172, -87.6747308)","(41.9688228, -87.6741628)","(41.9688424, -87.6725942)","(41.9688581, -87.6710214)","(41.968876, -87.6694766)","(41.9688774, -87.6693485)","(41.9689051, -87.6674952)","(41.9689189, -87.6663547)","(41.9689239, -87.6659551)","(41.968949, -87.6646001)","(41.9689572, -87.6642024)","(41.968973, -87.6630888)","(41.9689805, -87.6627306)","(41.9690033, -87.6614859)","(41.9690123, -87.6610496)","(41.9690213, -87.6596735)","(41.9690318, -87.6588766)","(41.96905, -87.6576294)","(41.9690704, -87.6562254)","(41.9690906, -87.6548335)","(41.9691588, -87.6501381)","(41.969172, -87.6496437)","(41.9692668, -87.6488802)","(41.9693059, -87.6485767)","(41.9694531, -87.6474763)","(41.969478, -87.6472419)","(41.9709844, -87.6482578)","(41.9743815, -87.6492074)","(41.9814405, -87.6523858)","(41.9838925, -87.6535202)","(41.9838156, -87.6551966)","(41.9837086, -87.6559151)","(41.9836954, -87.6566205)","(41.9836693, -87.6580213)","(41.9836311, -87.6600736)","(41.9836107, -87.6613538)","(41.9835916, -87.6625557)","(41.9835758, -87.6635542)","(41.9835727, -87.6637592)","(41.9835547, -87.6649558)","(41.9834973, -87.6687663)","(41.9834829, -87.6697512)","(41.9834811, -87.6698712)","(41.9834364, -87.6722679)","(41.9834234, -87.6730195)","(41.9833647, -87.6746068)","(41.9832857, -87.6766046)","(41.9820433, -87.679565)","(41.9807658, -87.6820054)","(41.9796118, -87.6842267)","(41.9795329, -87.6843981)","(41.9789855, -87.6856255)","(41.9784522, -87.6868249)","(41.977735, -87.6884319)","(41.9777033, -87.6892201)","(41.9776958, -87.6904936)","(41.9776926, -87.6910494)","(41.9776892, -87.6916313)","(41.9776839, -87.6925385)","(41.9785938, -87.6926214)","(41.9795085, -87.6926934)",,,,,,,,,,,,,,,,,,,,,,,,,,,,,,,,,,,,,,,,,,,,,,,,,,,,,,,,,,,,,,,,,,,,,,,,,,,,,,,,,,,,,,,,,,,,,,,,,,,,,,,,,,,,,,,,,,,,,,,,,,,,,,,,,,,,,,,,,,,,,,,,,,,,,,,,,,,,,,,,,,,,,,,,,,,,,
"(41.9472845, -87.651901)","(41.9473034, -87.6507092)","(41.947315, -87.6494933)","(41.9491279, -87.649549)","(41.9501145, -87.6495701)","(41.9511896, -87.6496096)","(41.9527494, -87.6496382)","(41.953254, -87.6496832)","(41.9545615, -87.6497133)","(41.9556577, -87.6497441)","(41.9560127, -87.6497541)","(41.9573525, -87.6497918)","(41.9578365, -87.6498054)","(41.9584936, -87.6498239)","(41.9593021, -87.6498467)","(41.9603724, -87.6498768)","(41.9609499, -87.6498931)","(41.9618431, -87.6499182)","(41.9627474, -87.6499436)","(41.9636778, -87.6499698)","(41.9645325, -87.6499938)","(41.9654832, -87.6500206)","(41.9654992, -87.648611)","(41.9655624, -87.64803)","(41.9657757, -87.6464121)","(41.9667175, -87.6428643)","(41.9636734, -87.6385455)","(41.960039, -87.6394193)","(41.9636734, -87.6385455)","(41.9624973, -87.6422432)","(41.9620856, -87.6455339)","(41.9619079, -87.6468781)","(41.9610003, -87.6468368)","(41.9593602, -87.6466925)","(41.9585454, -87.6464811)","(41.9579187, -87.6463505)","(41.9557771, -87.6455463)","(41.9546336, -87.6452346)","(41.9530609, -87.6449959)","(41.952539, -87.6450264)","(41.9523388, -87.6450426)","(41.9516872, -87.6450277)","(41.9504649, -87.6445731)","(41.9486379, -87.6434496)","(41.9477004, -87.6428985)","(41.9467853, -87.6423752)","(41.9461125, -87.6419895)","(41.9448255, -87.6412867)","(41.9433821, -87.6405248)","(41.942285, -87.6399357)","(41.9412034, -87.639574)","(41.9401186, -87.639537)","(41.9387728, -87.6394948)","(41.9377318, -87.6394611)","(41.9365783, -87.6394235)","(41.9355872, -87.6393914)","(41.9343445, -87.639351)","(41.9329163, -87.6393056)","(41.932728, -87.6391725)","(41.9322935, -87.6386812)","(41.9311325, -87.6371345)","(41.9257453, -87.6336208)","(41.9260012, -87.6318534)","(41.9262229, -87.6306697)","(41.927967, -87.6317354)","(41.9309318, -87.6319386)","(41.931373, -87.6319301)","(41.932803, -87.6319066)","(41.9333518, -87.631924)","(41.9351724, -87.6324945)","(41.9356053, -87.6327621)","(41.9373228, -87.6343815)","(41.9376297, -87.6348111)","(41.9390726, -87.6367597)","(41.940568, -87.6380877)","(41.9402676, -87.6387965)","(41.9399314, -87.6386058)","(41.9388998, -87.6368257)","(41.9362908, -87.633511)","(41.9359062, -87.6331962)","(41.9340824, -87.6322748)","(41.933631, -87.6321716)","(41.9318784, -87.632122)","(41.9314563, -87.6321287)","(41.9298185, -87.6321547)","(41.9292867, -87.6321563)","(41.9277894, -87.6318725)","(41.9260012, -87.6318534)","(41.9257453, -87.6336208)","(41.9311325, -87.6371345)","(41.9322935, -87.6386812)","(41.932728, -87.6391725)","(41.9329163, -87.6393056)","(41.9343445, -87.639351)","(41.9355872, -87.6393914)","(41.9365783, -87.6394235)","(41.9377318, -87.6394611)","(41.9387728, -87.6394948)","(41.9401186, -87.639537)","(41.9402676, -87.6387965)","(41.9399314, -87.6386058)","(41.9388998, -87.6368257)","(41.9362908, -87.633511)","(41.9359062, -87.6331962)","(41.9340824, -87.6322748)","(41.933631, -87.6321716)","(41.9318784, -87.632122)","(41.9314563, -87.6321287)","(41.9298185, -87.6321547)","(41.9292867, -87.6321563)","(41.9277894, -87.6318725)","(41.9260012, -87.6318534)","(41.9262229, -87.6306697)","(41.927967, -87.6317354)","(41.9309318, -87.6319386)","(41.931373, -87.6319301)","(41.932803, -87.6319066)","(41.9333518, -87.631924)","(41.9351724, -87.6324945)","(41.9356053, -87.6327621)","(41.9373228, -87.6343815)","(41.9376297, -87.6348111)","(41.9390726, -87.6367597)","(41.940568, -87.6380877)","(41.9423459, -87.6395096)","(41.9452361, -87.6410693)","(41.9456942, -87.6413126)","(41.947356, -87.6422505)","(41.9501142, -87.6438914)","(41.9505185, -87.6441397)","(41.9529404, -87.644568)","(41.9546674, -87.6441624)","(41.9546336, -87.6452346)","(41.9530609, -87.6449959)","(41.952539, -87.6450264)","(41.9523388, -87.6450426)","(41.9516601, -87.6478292)","(41.9511896, -87.6496096)","(41.9501145, -87.6495701)","(41.9500792, -87.6519779)","(41.9490847, -87.6519558)","(41.9472845, -87.651901)",,,,,,,,,,,,,,,,,,,,,,,,,,,,,,,,,,,,,,,,,,,,,,,,,,,,,,,,,,,,,,,,,,,,,,,,,,,,,,,,,,,,,,,,,,,,,,,,,,,,,,,,,,,,,,,,,,,,,,
"(41.9187462, -87.7657792)","(41.9130322, -87.765634)","(41.9126617, -87.765621)","(41.9126329, -87.7680387)","(41.9126051, -87.7703718)","(41.912591, -87.7715567)","(41.9129473, -87.7715742)","(41.9129321, -87.7728354)","(41.912917, -87.7740878)","(41.912902, -87.7753362)","(41.9128874, -87.7765496)","(41.9128823, -87.7769726)","(41.9128727, -87.7777736)","(41.9128582, -87.7789766)","(41.9128433, -87.7802151)","(41.9128321, -87.7811494)","(41.912815, -87.7825671)","(41.9128043, -87.7834554)","(41.9127844, -87.7851074)","(41.9127648, -87.7867379)","(41.9127452, -87.788365)","(41.9127256, -87.7899956)","(41.9127109, -87.7912216)","(41.9126962, -87.7924419)","(41.9126814, -87.7936663)","(41.9126665, -87.7949011)","(41.9126522, -87.7960967)","(41.9126375, -87.7973141)","(41.9126226, -87.7985566)","(41.9126002, -87.8003984)","(41.9125786, -87.8022152)","(41.9126002, -87.8003984)","(41.9107779, -87.8003397)","(41.9090135, -87.8002808)","(41.9090009, -87.8011747)","(41.9089877, -87.8021163)","(41.9089797, -87.8026785)","(41.908962, -87.8039398)","(41.9089354, -87.8057682)","(41.9107133, -87.8058266)","(41.9107332, -87.8040016)","(41.9107556, -87.8021674)","(41.9125786, -87.8022152)","(41.9126002, -87.8003984)","(41.9107779, -87.8003397)","(41.9108004, -87.7984977)","(41.9108155, -87.7972597)","(41.9108305, -87.7960356)","(41.9108455, -87.7948532)","(41.91086, -87.7936142)","(41.9108749, -87.7923989)","(41.9108898, -87.7911754)","(41.9109049, -87.7899407)","(41.9109247, -87.7883212)","(41.9109446, -87.7866852)","(41.9109647, -87.7850497)","(41.9109847, -87.7834053)","(41.9110087, -87.7817781)","(41.9110242, -87.7801677)","(41.9110394, -87.7789268)","(41.9110542, -87.7777064)","(41.9110691, -87.7764875)","(41.911084, -87.7752749)","(41.9110993, -87.7740209)","(41.9111145, -87.7727707)","(41.9111297, -87.7715258)","(41.9111442, -87.7703387)","(41.9126051, -87.7703718)","(41.9126329, -87.7680387)","(41.9126617, -87.765621)","(41.9130322, -87.765634)","(41.9187462, -87.7657792)",,,,,,,,,,,,,,,,,,,,,,,,,,,,,,,,,,,,,,,,,,,,,,,,,,,,,,,,,,,,,,,,,,,,,,,,,,,,,,,,,,,,,,,,,,,,,,,,,,,,,,,,,,,,,,,,,,,,,,,,,,,,,,,,,,,,,,,,,,,,,,,,,,,,,,,,,,,,,,,,,,,,,,,,,,,,,,,,,,,,,,,,,,,,
"(41.9212081, -87.6973018)","(41.9206568, -87.6972858)","(41.9195974, -87.697255)","(41.9195354, -87.6972532)","(41.9185416, -87.6972243)","(41.9181494, -87.6972129)","(41.9174943, -87.6971939)","(41.9156809, -87.6971412)","(41.9139203, -87.69709)","(41.9123723, -87.6970593)","(41.9123627, -87.6980711)","(41.9123524, -87.6991564)","(41.9123413, -87.7003224)","(41.9123183, -87.7015974)","(41.9121472, -87.7019317)","(41.9101651, -87.7018753)","(41.9092329, -87.7017267)","(41.9101651, -87.7018753)","(41.9121472, -87.7019317)","(41.9123183, -87.7015974)","(41.9139412, -87.7016385)","(41.9156329, -87.7016846)","(41.9174537, -87.7016636)","(41.9185088, -87.7015412)","(41.9195425, -87.70157)","(41.9206149, -87.7015998)","(41.9206294, -87.700104)","(41.9206431, -87.6987006)","(41.9206568, -87.6972858)","(41.9212081, -87.6973018)",,,,,,,,,,,,,,,,,,,,,,,,,,,,,,,,,,,,,,,,,,,,,,,,,,,,,,,,,,,,,,,,,,,,,,,,,,,,,,,,,,,,,,,,,,,,,,,,,,,,,,,,,,,,,,,,,,,,,,,,,,,,,,,,,,,,,,,,,,,,,,,,,,,,,,,,,,,,,,,,,,,,,,,,,,,,,,,,,,,,,,,,,,,,,,,,,,,,,,,,,,,,,,,,,,,,,,,,,,,,,,,,,,,,,,
"(41.6913124, -87.6685188)","(41.6917029, -87.6697419)","(41.691724, -87.6698036)","(41.6919263, -87.6704768)","(41.6919435, -87.6709468)","(41.6919343, -87.6719225)","(41.6924921, -87.6715551)","(41.6930579, -87.6715322)","(41.693116, -87.6715336)","(41.6944148, -87.6715738)","(41.6954753, -87.671594)","(41.6963858, -87.6715975)","(41.6969138, -87.6729231)","(41.6991881, -87.6729999)","(41.6991917, -87.6728019)","(41.7010214, -87.6728595)","(41.7019204, -87.6728882)","(41.7028635, -87.6729204)","(41.7046948, -87.6729809)","(41.7065207, -87.6730367)","(41.706499, -87.674377)","(41.7064852, -87.6752269)","(41.7083035, -87.6752746)","(41.7082784, -87.6768462)","(41.7101008, -87.676898)","(41.7119084, -87.6769508)","(41.7137304, -87.6770058)","(41.7155471, -87.6770552)","(41.7173687, -87.6771097)","(41.7191891, -87.6771667)","(41.7209499, -87.6772116)","(41.7210761, -87.6772151)","(41.7227622, -87.6772684)","(41.7228619, -87.6760726)","(41.7246808, -87.676117)","(41.7265087, -87.6761738)","(41.7283238, -87.6762267)","(41.7283447, -87.6746175)","(41.7283657, -87.672993)","(41.726554, -87.6729444)","(41.7247061, -87.6744929)","(41.7228853, -87.6744563)","(41.7229062, -87.6728317)","(41.721132, -87.6727986)","(41.7210061, -87.6727962)","(41.7210109, -87.6723585)","(41.721041, -87.6697457)","(41.721051, -87.6691362)","(41.721064, -87.6683413)","(41.7210788, -87.6674335)","(41.7210886, -87.6665546)","(41.7211077, -87.665509)","(41.7211214, -87.6647591)","(41.7211305, -87.6642604)","(41.7183607, -87.6631735)","(41.7139863, -87.6615907)","(41.7139663, -87.6633327)","(41.7139313, -87.6653592)","(41.7138982, -87.6672461)","(41.7138912, -87.6676702)","(41.7120666, -87.6677168)","(41.7120412, -87.6688879)","(41.7102295, -87.6693878)","(41.7089606, -87.6700249)","(41.7080137, -87.670249)","(41.7065588, -87.6706856)","(41.7065365, -87.6720619)","(41.7065207, -87.6730367)","(41.706499, -87.674377)","(41.7064852, -87.6752269)","(41.7064796, -87.6755701)","(41.7064598, -87.6767926)","(41.7064402, -87.6780037)","(41.7064339, -87.678394)","(41.7064206, -87.6792147)","(41.7064074, -87.6800271)","(41.7064014, -87.6803987)","(41.7063853, -87.6816107)","(41.7063865, -87.6829015)","(41.7063842, -87.6841243)","(41.7063822, -87.685328)","(41.7063807, -87.6861762)","(41.7063767, -87.6868449)","(41.7063657, -87.6878)","(41.7063597, -87.6883243)","(41.7063516, -87.6890247)","(41.7063423, -87.6898387)","(41.7063376, -87.6902437)","(41.7081274, -87.6903156)","(41.7081416, -87.6890853)","(41.7063516, -87.6890247)","(41.7063597, -87.6883243)","(41.7054171, -87.6882914)","(41.7045037, -87.6882594)","(41.7035979, -87.6882278)","(41.702672, -87.6881954)","(41.7008384, -87.6881313)","(41.7008104, -87.6896637)","(41.6990082, -87.6896079)","(41.6990039, -87.6900115)","(41.6971744, -87.6899431)","(41.6953573, -87.6898897)","(41.6935324, -87.6898264)","(41.6917007, -87.6897728)","(41.6916869, -87.690959)","(41.6916266, -87.6961516)","(41.6916072, -87.6971765)","(41.6915954, -87.6983885)","(41.6915835, -87.6996033)","(41.6915666, -87.7008091)","(41.6933922, -87.7008825)","(41.6933768, -87.7021506)","(41.6921778, -87.7021179)","(41.6933768, -87.7021506)","(41.6933577, -87.7034329)","(41.6933405, -87.704588)","(41.6933219, -87.7058433)","(41.6933041, -87.7070375)","(41.6932862, -87.7082428)","(41.6932683, -87.7094462)","(41.6950911, -87.7095195)","(41.696921, -87.709593)","(41.6987446, -87.709666)","(41.6987262, -87.710855)","(41.7014822, -87.710952)","(41.7023981, -87.7109832)","(41.7024295, -87.7097811)","(41.702444, -87.7085762)","(41.7024592, -87.7073189)","(41.7042608, -87.7073895)","(41.7024592, -87.7073189)","(41.702444, -87.7085762)","(41.7024295, -87.7097811)","(41.7023981, -87.7109832)","(41.7042051, -87.7110513)","(41.7041871, -87.7122699)","(41.7041691, -87.7134859)","(41.7041508, -87.7147241)","(41.7041328, -87.7159412)","(41.7059867, -87.716012)","(41.7059566, -87.7172915)","(41.7059339, -87.7184586)","(41.7059334, -87.7184982)","(41.706487, -87.7185186)","(41.7075643, -87.7185582)","(41.7084289, -87.71859)","(41.7075643, -87.7185582)","(41.706487, -87.7185186)","(41.7059334, -87.7184982)","(41.7059339, -87.7184586)","(41.7059566, -87.7172915)","(41.7059867, -87.716012)","(41.7060332, -87.7135545)","(41.7059867, -87.716012)","(41.7041328, -87.7159412)","(41.7041147, -87.7171674)","(41.7040965, -87.718396)","(41.7022662, -87.7183197)","(41.7022279, -87.7207681)","(41.7013235, -87.7207361)","(41.7003937, -87.7207031)","(41.7004173, -87.7194696)","(41.70043, -87.7182432)","(41.6986129, -87.7181674)","(41.698632, -87.716935)","(41.6986506, -87.7157317)","(41.6968243, -87.7156641)","(41.6968455, -87.7144494)","(41.6950121, -87.7143797)","(41.6931959, -87.7143211)","(41.6932138, -87.7131163)","(41.6932315, -87.7119242)","(41.6913987, -87.7118509)","(41.6914178, -87.7105897)","(41.6886255, -87.7104722)","(41.6886022, -87.7116322)","(41.6878315, -87.7118013)","(41.6877303, -87.7137145)","(41.6877177, -87.7147789)","(41.6856595, -87.7146952)","(41.684882, -87.7146688)","(41.6849069, -87.7125392)","(41.6849976, -87.7113306)","(41.6849353, -87.7103186)","(41.6841203, -87.7102847)","(41.6841572, -87.707872)","(41.6841945, -87.7054276)","(41.6832845, -87.7053918)","(41.6823665, -87.7053555)","(41.6820495, -87.7053433)","(41.681453, -87.7053199)","(41.6814123, -87.7077433)","(41.682328, -87.7077862)","(41.6832464, -87.7078293)","(41.6841572, -87.707872)","(41.6864789, -87.7079593)","(41.6877397, -87.7080125)","(41.6886818, -87.7080338)","(41.6886586, -87.7092612)","(41.684938, -87.7091119)","(41.6886586, -87.7092612)","(41.6886818, -87.7080338)","(41.6887048, -87.7068127)","(41.6887276, -87.705608)","(41.6887459, -87.7043797)","(41.688764, -87.7031664)","(41.6887854, -87.7019355)","(41.6888032, -87.7007165)","(41.6897417, -87.7007493)","(41.6915666, -87.7008091)","(41.6915835, -87.6996033)","(41.6915954, -87.6983885)","(41.6916072, -87.6971765)","(41.6916266, -87.6961516)","(41.6916869, -87.690959)","(41.6917007, -87.6897728)","(41.691715, -87.68854)","(41.6917292, -87.6873109)","(41.6917453, -87.6859264)","(41.6917575, -87.684876)","(41.6917717, -87.6836557)","(41.6917858, -87.6824378)","(41.6917979, -87.681157)","(41.6918393, -87.6774957)","(41.690853, -87.6774486)","(41.6902003, -87.6772292)","(41.6900876, -87.6773095)","(41.6900038, -87.6771087)","(41.6883033, -87.6766768)","(41.6872764, -87.6767527)","(41.684944, -87.6770585)","(41.684509, -87.6769991)","(41.6844466, -87.6770064)","(41.6843712, -87.6770587)","(41.6842743, -87.6770647)","(41.6840046, -87.6771082)","(41.6837849, -87.6771118)","(41.6831352, -87.6773284)","(41.6823988, -87.677374)","(41.6820994, -87.6773156)","(41.6818345, -87.6772944)","(41.6804858, -87.6772052)","(41.6802863, -87.6747535)","(41.6792623, -87.6749525)","(41.6791638, -87.6749711)","(41.6792623, -87.6749525)","(41.6802863, -87.6747535)","(41.6810802, -87.6745811)","(41.6818802, -87.6744065)","(41.682877, -87.6741193)","(41.6836137, -87.6738148)","(41.6846253, -87.6734219)","(41.6846175, -87.6723462)","(41.6846293, -87.6718273)","(41.6846493, -87.6706082)","(41.685097, -87.6705533)","(41.6875296, -87.6691641)","(41.6892113, -87.6682038)","(41.6909006, -87.667239)","(41.6913124, -87.6685188)"
"(41.6928205, -87.6051249)","(41.6928162, -87.6055587)","(41.6949602, -87.6057416)","(41.6982649, -87.60615)","(41.7001187, -87.6062407)","(41.7019484, -87.6062989)","(41.7019864, -87.6038566)","(41.7029002, -87.6038799)","(41.7038123, -87.6039064)","(41.7047272, -87.6039307)","(41.7056445, -87.6039632)","(41.7056601, -87.6027479)","(41.7056445, -87.6039632)","(41.706558, -87.6039828)","(41.7074708, -87.6040086)","(41.7074267, -87.6065296)","(41.7108761, -87.6057401)","(41.7109979, -87.6057123)","(41.712328, -87.605412)","(41.7129139, -87.605279)","(41.7147654, -87.604857)","(41.7156708, -87.6046486)","(41.7165879, -87.6044375)","(41.7220446, -87.6031845)","(41.7165879, -87.6044375)","(41.7156708, -87.6046486)","(41.7147654, -87.604857)","(41.7129139, -87.605279)","(41.712328, -87.605412)","(41.7117644, -87.6034376)","(41.711531, -87.6030192)","(41.7109255, -87.6006736)","(41.7115922, -87.600046)","(41.7109255, -87.6006736)","(41.711531, -87.6030192)","(41.7117644, -87.6034376)","(41.712328, -87.605412)","(41.7129139, -87.605279)","(41.7129046, -87.6062234)","(41.7119957, -87.6064236)","(41.7110781, -87.6066304)","(41.7110403, -87.6089974)","(41.7110207, -87.6102198)","(41.7110013, -87.6114331)","(41.7109818, -87.6126533)","(41.7109601, -87.6138687)","(41.710943, -87.6150814)","(41.7109234, -87.6163019)","(41.7109041, -87.617515)","(41.7108846, -87.618735)","(41.7108659, -87.6198974)","(41.710798, -87.6235907)","(41.7107839, -87.6248047)","(41.7107701, -87.6259893)","(41.710756, -87.6272104)","(41.710742, -87.6284133)","(41.710728, -87.6296134)","(41.7107142, -87.630805)","(41.7106808, -87.6336845)","(41.710658, -87.6356461)","(41.7106438, -87.6368678)","(41.7106297, -87.6380781)","(41.7106158, -87.6392817)","(41.7106016, -87.6405045)","(41.712416, -87.6405537)","(41.7124008, -87.6417499)","(41.7123858, -87.6429125)","(41.7142164, -87.642939)","(41.7142227, -87.6423064)","(41.71459, -87.6372767)","(41.7146621, -87.6326418)","(41.7136528, -87.6210647)","(41.7133094, -87.6059588)","(41.713504, -87.5900289)","(41.7105516, -87.5854235)","(41.7090527, -87.587094)","(41.7077892, -87.5872921)","(41.7076854, -87.5872953)","(41.7063331, -87.5877133)","(41.704613, -87.5897374)","(41.7038254, -87.5909178)","(41.6991825, -87.5946189)","(41.6955125, -87.596592)","(41.6893722, -87.5999008)","(41.6882804, -87.6004835)","(41.6867731, -87.6019109)","(41.6861781, -87.6022323)","(41.6861729, -87.60109)","(41.6861781, -87.6022323)","(41.6859507, -87.6031461)","(41.6859059, -87.6032501)","(41.6858388, -87.6034027)","(41.6763288, -87.6019477)","(41.6601744, -87.5934919)","(41.6595144, -87.5976916)","(41.6594098, -87.5977144)","(41.6586287, -87.5977416)","(41.6585834, -87.5975612)","(41.6591262, -87.5976211)","(41.6563313, -87.5910997)","(41.6557451, -87.5905032)","(41.6556974, -87.5904423)","(41.6557825, -87.594947)","(41.6559373, -87.59498)","(41.6557425, -87.5968127)","(41.6558064, -87.5968239)","(41.6556722, -87.598163)","(41.6561271, -87.5992345)","(41.6558085, -87.6023204)","(41.6557945, -87.6051166)","(41.6561271, -87.605126)","(41.6573265, -87.6063423)","(41.6573245, -87.6075601)","(41.6574118, -87.6085377)","(41.6574075, -87.6096374)","(41.6574035, -87.6106361)","(41.6590812, -87.6106013)","(41.659193, -87.6106038)","(41.6591927, -87.610723)","(41.6591127, -87.6158781)","(41.6591119, -87.6172953)","(41.663337, -87.6176507)","(41.6633824, -87.6186725)","(41.6634954, -87.6199558)","(41.6634663, -87.622087)","(41.6637003, -87.6221002)","(41.6638931, -87.6241594)","(41.6641388, -87.6270201)","(41.6652784, -87.6270556)","(41.6652624, -87.6282427)","(41.6670664, -87.6283054)","(41.6688601, -87.6283887)","(41.668847, -87.629569)","(41.670663, -87.6296552)","(41.6706503, -87.630861)","(41.6706379, -87.632049)","(41.6706263, -87.6332633)","(41.6706128, -87.6344486)","(41.6706002, -87.6356483)","(41.6705875, -87.636866)","(41.6705781, -87.6377671)","(41.6723957, -87.6381213)","(41.6723831, -87.6393189)","(41.6723703, -87.6405286)","(41.6723584, -87.6416564)","(41.6759973, -87.6417809)","(41.6759964, -87.6419033)","(41.6759726, -87.644281)","(41.6759376, -87.6465086)","(41.677751, -87.646572)","(41.6777481, -87.6467741)","(41.6776286, -87.6549275)","(41.6757823, -87.6565146)","(41.6739752, -87.6564636)","(41.6739591, -87.6576193)","(41.6739311, -87.6588481)","(41.6739591, -87.6576193)","(41.6739752, -87.6564636)","(41.6757823, -87.6565146)","(41.6776286, -87.6549275)","(41.6777481, -87.6467741)","(41.677751, -87.646572)","(41.6777628, -87.6455698)","(41.6777805, -87.644332)","(41.6777918, -87.6435403)","(41.6778134, -87.6419653)","(41.6778147, -87.6418401)","(41.6778268, -87.6406949)","(41.6778399, -87.6394952)","(41.677853, -87.6382929)","(41.6778661, -87.6370886)","(41.6778791, -87.635887)","(41.6778922, -87.6346828)","(41.6779052, -87.6334837)","(41.6779185, -87.6322686)","(41.6779316, -87.6310669)","(41.6779447, -87.6298587)","(41.6779577, -87.6286612)","(41.677971, -87.627451)","(41.6779836, -87.6262861)","(41.6779965, -87.6250992)","(41.6780097, -87.6238829)","(41.6780231, -87.622653)","(41.6780611, -87.6205113)","(41.6780932, -87.6178103)","(41.6781162, -87.6165885)","(41.6799264, -87.6166375)","(41.6813806, -87.616669)","(41.6813876, -87.6146922)","(41.6813475, -87.6133967)","(41.6826055, -87.6130963)","(41.6839931, -87.6127798)","(41.6839937, -87.6126872)","(41.6840027, -87.6115688)","(41.6854455, -87.6110618)","(41.685456, -87.6094766)","(41.6854642, -87.6082589)","(41.6854772, -87.6070505)","(41.6854874, -87.6055217)","(41.6875794, -87.6030031)","(41.6894282, -87.6014903)","(41.69131, -87.6007433)","(41.6925579, -87.6006888)","(41.6928702, -87.600684)","(41.6928348, -87.6002053)","(41.6925279, -87.598864)","(41.6928348, -87.6002053)","(41.6928702, -87.600684)","(41.6928205, -87.6051249)",,,,,,,,,,,,,,,,,,,,,,,,,,,,,,,,,,,,,,,,,,,,,,,,,,,
"(41.999193, -87.6709895)","(42.0005889, -87.6714617)","(42.0017038, -87.6718532)","(42.0026023, -87.6721664)","(42.0035163, -87.6724854)","(42.0043827, -87.6727784)","(42.0053391, -87.6731124)","(42.0053258, -87.6740135)","(42.0052988, -87.6752229)","(42.0052885, -87.6756852)","(42.0052563, -87.6779208)","(42.0052087, -87.6801753)","(42.0064396, -87.6807262)","(42.0073445, -87.6811588)","(42.0076455, -87.6812925)","(42.008899, -87.6818555)","(42.0101145, -87.6822996)","(42.0112679, -87.6827088)","(42.0121676, -87.6830234)","(42.0123178, -87.6830759)","(42.0140363, -87.6836852)","(42.0140505, -87.6849719)","(42.014064, -87.6862013)","(42.0140787, -87.6875387)","(42.0140936, -87.6888962)","(42.0141083, -87.6902238)","(42.0156693, -87.6902104)","(42.0159155, -87.6902083)","(42.0158635, -87.6925741)","(42.0167735, -87.6925682)","(42.0167473, -87.6937205)","(42.0176495, -87.6937384)","(42.0176244, -87.694916)","(42.0175742, -87.6972711)","(42.01848, -87.6972583)","(42.0184273, -87.699618)","(42.0183748, -87.7019722)","(42.0183207, -87.7043225)","(42.0174234, -87.7043464)","(42.0165048, -87.7043635)","(42.0155966, -87.7043811)","(42.014692, -87.7044008)","(42.0137816, -87.7044172)","(42.0128786, -87.7044367)","(42.0128256, -87.7067929)","(42.0127837, -87.7086623)","(42.0128256, -87.7067929)","(42.0119228, -87.7068092)","(42.011973, -87.7044572)","(42.0110682, -87.7044757)","(42.0101704, -87.7044921)","(42.0092686, -87.704508)","(42.0083642, -87.7045306)","(42.0074617, -87.7045487)","(42.0065626, -87.7045696)","(42.0056663, -87.7045892)","(42.0047539, -87.7046114)","(42.0047322, -87.7057767)","(42.004725, -87.7061656)","(42.0047027, -87.7073644)","(42.0047007, -87.7074715)","(42.0047027, -87.7073644)","(42.004725, -87.7061656)","(42.0047322, -87.7057767)","(42.0047539, -87.7046114)","(42.0047762, -87.703416)","(42.0047994, -87.7022184)","(42.004821, -87.7010362)","(42.0048427, -87.6998386)","(42.004867, -87.6985959)","(42.0048881, -87.6974014)","(42.0049107, -87.6961876)","(42.0049334, -87.6949595)","(42.0049562, -87.6937422)","(42.0049824, -87.6925178)","(42.0050055, -87.6912953)","(42.0050245, -87.6900711)","(42.0050633, -87.6879884)","(42.0051019, -87.6859111)","(42.0051408, -87.6838241)","(42.0051805, -87.6816899)","(42.0052087, -87.6801753)","(42.0052563, -87.6779208)","(42.0052885, -87.6756852)","(42.0052988, -87.6752229)","(42.0053258, -87.6740135)","(42.0053391, -87.6731124)","(42.0043827, -87.6727784)","(42.0035163, -87.6724854)","(42.0026023, -87.6721664)","(42.0017038, -87.6718532)","(42.0005889, -87.6714617)","(41.999193, -87.6709895)",,,,,,,,,,,,,,,,,,,,,,,,,,,,,,,,,,,,,,,,,,,,,,,,,,,,,,,,,,,,,,,,,,,,,,,,,,,,,,,,,,,,,,,,,,,,,,,,,,,,,,,,,,,,,,,,,,,,,,,,,,,,,,,,,,,,,,,,,,,,,,,,,,,,,,,,,,,,,,,,,,,,,,,
"(41.9037161, -87.6432163)","(41.9037242, -87.642209)","(41.9037427, -87.6412242)","(41.9037443, -87.64113)","(41.9037679, -87.6395629)","(41.9037833, -87.6383249)","(41.903798, -87.6374661)","(41.9038574, -87.6344737)","(41.9038864, -87.6330042)","(41.9038896, -87.6328437)","(41.9039084, -87.6314378)","(41.9039254, -87.6299955)","(41.9039455, -87.6286906)","(41.9039789, -87.6268699)","(41.903998, -87.6258286)","(41.9040129, -87.6250152)","(41.903252, -87.6247579)","(41.9024295, -87.6245035)","(41.901635, -87.6242917)","(41.9014509, -87.6242213)","(41.9008141, -87.6242785)","(41.90082, -87.6241407)","(41.9008243, -87.6240425)","(41.9000948, -87.6192608)","(41.8992943, -87.6187337)","(41.8984693, -87.6181914)","(41.8976809, -87.6176529)","(41.8968396, -87.6170654)","(41.8968438, -87.6168932)","(41.8952668, -87.6158181)","(41.8939554, -87.6149068)","(41.8925409, -87.61442)","(41.8918999, -87.6143349)","(41.8911276, -87.6141958)","(41.8911245, -87.6139692)","(41.8911412, -87.6115803)","(41.8919681, -87.6115968)","(41.8920076, -87.6111464)","(41.8921279, -87.6100545)","(41.8920076, -87.6111464)","(41.8919681, -87.6115968)","(41.8919415, -87.6127909)","(41.8919277, -87.6133599)","(41.8920962, -87.6137544)","(41.8940536, -87.6147692)","(41.8969105, -87.6167352)","(41.9060019, -87.6248831)","(41.9088119, -87.6255877)","(41.9093801, -87.6256845)","(41.9098327, -87.6257175)","(41.9139274, -87.6267447)","(41.9144748, -87.6270206)","(41.9155732, -87.6275742)","(41.9180363, -87.6287435)","(41.9185526, -87.6289308)","(41.9204885, -87.6294582)","(41.9210405, -87.6295838)","(41.9228481, -87.6301284)","(41.9234021, -87.6302999)","(41.924159, -87.6305341)","(41.9262229, -87.6306697)","(41.9260012, -87.6318534)","(41.9237758, -87.6306028)","(41.9231831, -87.6304165)","(41.9226222, -87.6302402)","(41.9207748, -87.6297208)","(41.9202407, -87.6296045)","(41.9183442, -87.6290465)","(41.9178165, -87.6288513)","(41.9153101, -87.6276215)","(41.9130418, -87.6272061)","(41.9125382, -87.6270536)","(41.9124399, -87.6270039)","(41.912316, -87.6269324)","(41.9095301, -87.6261687)","(41.9095055, -87.6276073)","(41.9094843, -87.6288396)","(41.909456, -87.6301576)","(41.9094247, -87.6316153)","(41.9078421, -87.6315793)","(41.9077011, -87.6329768)","(41.9076869, -87.6331175)","(41.9057601, -87.6330614)","(41.9038864, -87.6330042)","(41.9038574, -87.6344737)","(41.903798, -87.6374661)","(41.9037833, -87.6383249)","(41.9037679, -87.6395629)","(41.9037443, -87.64113)","(41.9037427, -87.6412242)","(41.9037242, -87.642209)","(41.9037161, -87.6432163)","(41.903693, -87.6444873)","(41.9036641, -87.6465853)","(41.9036431, -87.6480864)","(41.9029797, -87.6480541)","(41.9000014, -87.6479267)","(41.8989994, -87.6478814)","(41.9000014, -87.6479267)","(41.9029797, -87.6480541)","(41.9036431, -87.6480864)","(41.9036641, -87.6465853)","(41.903693, -87.6444873)","(41.9037161, -87.6432163)",,,,,,,,,,,,,,,,,,,,,,,,,,,,,,,,,,,,,,,,,,,,,,,,,,,,,,,,,,,,,,,,,,,,,,,,,,,,,,,,,,,,,,,,,,,,,,,,,,,,,,,,,,,,,,,,,,,,,,,,,,,,,,,,,,,,,,,,,,,,,,,,,,,,,,,,,,,,
"(41.8632636, -87.6565555)","(41.864664, -87.6553638)","(41.865041, -87.655043)","(41.8659643, -87.6542574)","(41.8670144, -87.6533638)","(41.8670545, -87.6510457)","(41.8671054, -87.6479408)","(41.8671199, -87.6469144)","(41.8672131, -87.646917)","(41.8681349, -87.6469374)","(41.8695512, -87.6468845)","(41.8696746, -87.6468867)","(41.8718763, -87.6469539)","(41.8719763, -87.6469585)","(41.8743253, -87.6470667)","(41.8747371, -87.6471387)","(41.8766797, -87.647203)","(41.8773156, -87.6472189)","(41.8779467, -87.6472349)","(41.8779571, -87.646296)","(41.8779634, -87.6455641)","(41.8796798, -87.6452952)","(41.880374, -87.6452755)","(41.8811343, -87.6452928)","(41.8818468, -87.6453554)","(41.8821983, -87.6453935)","(41.8833076, -87.6453958)","(41.8856892, -87.6453646)","(41.8856988, -87.6442418)","(41.8862548, -87.644261)","(41.8867994, -87.6442784)","(41.889054, -87.6443368)","(41.8896422, -87.6443426)","(41.8901398, -87.6443639)","(41.8912254, -87.6443843)","(41.8912557, -87.6428265)","(41.8908345, -87.6426011)","(41.8912557, -87.6428265)","(41.8912254, -87.6443843)","(41.8912112, -87.6458412)","(41.891194, -87.6476267)","(41.8911793, -87.6487763)","(41.891163, -87.6499895)","(41.8911348, -87.6522884)","(41.8911202, -87.6534495)","(41.8911054, -87.654625)","(41.8910922, -87.6557921)","(41.8910764, -87.6573742)","(41.8910608, -87.6589298)","(41.8910588, -87.6591335)","(41.8899689, -87.6600561)","(41.8889417, -87.660774)","(41.8874652, -87.6616889)","(41.8874523, -87.6625022)","(41.8874232, -87.6643413)","(41.8874048, -87.6655026)","(41.8873814, -87.6669793)","(41.8873795, -87.6671006)","(41.8869276, -87.667087)","(41.8868901, -87.6694654)","(41.886852, -87.671906)","(41.8868139, -87.6743457)","(41.8867757, -87.676791)","(41.8867377, -87.6792282)","(41.8866993, -87.6816906)","(41.8866801, -87.6829116)","(41.8866613, -87.6841186)","(41.886642, -87.6853536)","(41.8866227, -87.6865891)","(41.8866146, -87.687799)","(41.8866063, -87.6890354)","(41.8866146, -87.687799)","(41.8866227, -87.6865891)","(41.8856957, -87.6865691)","(41.884621, -87.6865325)","(41.8838463, -87.6865061)","(41.8830029, -87.6864773)","(41.8820911, -87.6864542)","(41.8821271, -87.6839875)","(41.8812073, -87.6839597)","(41.8798952, -87.683926)","(41.8799127, -87.6828303)","(41.8786484, -87.682779)","(41.8775976, -87.6827211)","(41.8776156, -87.6814424)","(41.8776327, -87.6802326)","(41.8775458, -87.6789923)","(41.8774738, -87.677771)","(41.877479, -87.6765451)","(41.876215, -87.6765125)","(41.8752829, -87.6764849)","(41.8750162, -87.6765552)","(41.8740448, -87.676526)","(41.8727374, -87.6764618)","(41.8714751, -87.6764378)","(41.8691103, -87.6763635)","(41.8679331, -87.6763467)","(41.8668172, -87.6763493)","(41.8666937, -87.6763489)","(41.8658431, -87.6763098)","(41.8649527, -87.6762843)","(41.8643205, -87.6761929)","(41.8640395, -87.6761818)","(41.8631318, -87.676146)","(41.8585614, -87.6760344)","(41.857666, -87.6760016)","(41.8576998, -87.6735494)","(41.8577336, -87.6710939)","(41.8577672, -87.6686578)","(41.8577924, -87.6668325)","(41.8578008, -87.6662204)","(41.856881, -87.6661885)","(41.855972, -87.6661591)","(41.8550631, -87.6661332)","(41.8541543, -87.666112)","(41.8532309, -87.6660968)","(41.8523341, -87.6660893)","(41.8523096, -87.6659549)","(41.8523458, -87.663607)","(41.8523839, -87.6611569)","(41.8524205, -87.6587084)","(41.8481191, -87.6582575)","(41.8524205, -87.6587084)","(41.8525001, -87.6587107)","(41.8542792, -87.6587636)","(41.8551827, -87.6587904)","(41.8560937, -87.6588174)","(41.8570121, -87.6588447)","(41.8579176, -87.6588716)","(41.8595216, -87.6589192)","(41.8597326, -87.6589255)","(41.8597228, -87.659588)","(41.8604148, -87.6589931)","(41.8604659, -87.6589504)","(41.8607041, -87.658756)","(41.861055, -87.6584484)","(41.8615802, -87.6579963)","(41.8625168, -87.6571956)","(41.8632636, -87.6565555)",,,,,,,,,,,,,,,,,,,,,,,,,,,,,,,,,,,,,,,,,,,,,,,,,,,,,,,,,,,,,,,,,,,,,,,,,,,,,,,,,,,,,,,,,,,,,,,,,,,,,,,,,,,,,,,,,,,,,,,,,
"(41.8736903, -87.7059222)","(41.8749126, -87.7059463)","(41.8758906, -87.7059799)","(41.8773242, -87.7060276)","(41.8772986, -87.7084494)","(41.8772852, -87.7097776)","(41.8772772, -87.710893)","(41.8783293, -87.7109261)","(41.8795947, -87.7109661)","(41.8809214, -87.7110079)","(41.88182, -87.7110334)","(41.8827496, -87.7110597)","(41.8830851, -87.7120226)","(41.8841931, -87.7164939)","(41.8848826, -87.716831)","(41.8849706, -87.7168292)","(41.8850011, -87.7173477)","(41.8851692, -87.720256)","(41.8852076, -87.7209168)","(41.8852921, -87.7224764)","(41.8854124, -87.724608)","(41.8854547, -87.7252966)","(41.8854778, -87.7257943)","(41.8856677, -87.7282644)","(41.8858094, -87.7307181)","(41.885957, -87.7331777)","(41.8861012, -87.7356414)","(41.8862387, -87.738106)","(41.8868506, -87.7381272)","(41.8876339, -87.738154)","(41.8896557, -87.7382234)","(41.8901399, -87.7322398)","(41.8896557, -87.7382234)","(41.8876339, -87.738154)","(41.8868506, -87.7381272)","(41.8862387, -87.738106)","(41.8861827, -87.7381043)","(41.8860319, -87.735638)","(41.8858891, -87.7331758)","(41.8857455, -87.7307161)","(41.8855995, -87.7282621)","(41.8854778, -87.7257943)","(41.8854547, -87.7252966)","(41.8854124, -87.724608)","(41.8852921, -87.7224764)","(41.8852076, -87.7209168)","(41.8851692, -87.720256)","(41.8850011, -87.7173477)","(41.8849706, -87.7168292)","(41.8849207, -87.7160123)","(41.8847818, -87.7135571)","(41.8846344, -87.711113)","(41.8843538, -87.706225)","(41.8842147, -87.7037556)","(41.8840889, -87.701283)","(41.8828418, -87.7012552)","(41.8819422, -87.7012369)","(41.8810277, -87.7012057)","(41.8803625, -87.7011863)","(41.8797357, -87.7011717)","(41.8792115, -87.7011562)","(41.8782934, -87.7011321)","(41.8773847, -87.7011099)","(41.8759368, -87.7010675)","(41.8743454, -87.7010258)","(41.8737452, -87.7010056)","(41.8728314, -87.7009809)","(41.8719214, -87.700956)","(41.871013, -87.7009311)","(41.8701041, -87.7009058)","(41.8691988, -87.7008797)","(41.8682833, -87.7008465)","(41.8664629, -87.7007844)","(41.8664763, -87.6995706)","(41.8664888, -87.6983471)","(41.8665012, -87.6971245)","(41.8665149, -87.6959135)","(41.8665276, -87.694685)","(41.8665396, -87.6934226)","(41.8687853, -87.6934827)","(41.8665396, -87.6934226)","(41.8665276, -87.694685)","(41.8665149, -87.6959135)","(41.8665012, -87.6971245)","(41.8664888, -87.6983471)","(41.8664763, -87.6995706)","(41.8664629, -87.7007844)","(41.8682833, -87.7008465)","(41.8682696, -87.70207)","(41.8682559, -87.7032891)","(41.8691661, -87.7033178)","(41.870076, -87.7033481)","(41.8709809, -87.7033783)","(41.8709649, -87.705829)","(41.8718676, -87.7058582)","(41.8718875, -87.7058589)","(41.8727855, -87.7058904)","(41.8736903, -87.7059222)",,,,,,,,,,,,,,,,,,,,,,,,,,,,,,,,,,,,,,,,,,,,,,,,,,,,,,,,,,,,,,,,,,,,,,,,,,,,,,,,,,,,,,,,,,,,,,,,,,,,,,,,,,,,,,,,,,,,,,,,,,,,,,,,,,,,,,,,,,,,,,,,,,,,,,,,,,,,,,,,,,
"(41.780081, -87.6605933)","(41.7813508, -87.66062)","(41.781333, -87.6618345)","(41.7813153, -87.6630469)","(41.7812984, -87.6641994)","(41.7812965, -87.6643285)","(41.7812796, -87.6654842)","(41.7812618, -87.6666993)","(41.7812441, -87.6679046)","(41.7812282, -87.6691206)","(41.7830538, -87.669168)","(41.7848723, -87.6692152)","(41.7866898, -87.6692682)","(41.7866738, -87.6704675)","(41.7866577, -87.67168)","(41.7866415, -87.672892)","(41.7866255, -87.6740971)","(41.7866014, -87.6765333)","(41.7866255, -87.6740971)","(41.7866415, -87.672892)","(41.7866577, -87.67168)","(41.7866738, -87.6704675)","(41.7866898, -87.6692682)","(41.7848723, -87.6692152)","(41.7830538, -87.669168)","(41.78307, -87.667958)","(41.7830835, -87.6667378)","(41.783106, -87.6655279)","(41.783123, -87.6643721)","(41.7831246, -87.6642433)","(41.783136, -87.6630932)","(41.7831484, -87.6618639)","(41.7831707, -87.6606705)","(41.7813508, -87.66062)","(41.780081, -87.6605933)",,,,,,,,,,,,,,,,,,,,,,,,,,,,,,,,,,,,,,,,,,,,,,,,,,,,,,,,,,,,,,,,,,,,,,,,,,,,,,,,,,,,,,,,,,,,,,,,,,,,,,,,,,,,,,,,,,,,,,,,,,,,,,,,,,,,,,,,,,,,,,,,,,,,,,,,,,,,,,,,,,,,,,,,,,,,,,,,,,,,,,,,,,,,,,,,,,,,,,,,,,,,,,,,,,,,,,,,,,,,,,,,,
"(41.7658835, -87.6055822)","(41.7685088, -87.6056629)","(41.7695033, -87.6056808)","(41.7713312, -87.6057267)","(41.7731462, -87.6057629)","(41.7731582, -87.6045416)","(41.7731702, -87.6033302)","(41.7731822, -87.6021204)","(41.7731943, -87.6008992)","(41.7732063, -87.5996831)","(41.7732184, -87.5984609)","(41.7732303, -87.597257)","(41.7732424, -87.5960337)","(41.7750588, -87.5960762)","(41.7750739, -87.5945239)","(41.7750923, -87.5929511)","(41.7751065, -87.592096)","(41.7769125, -87.5916963)","(41.7787666, -87.5914472)","(41.780569, -87.5915249)","(41.7814827, -87.5913549)","(41.7823868, -87.5913898)","(41.783292, -87.5914067)","(41.7842096, -87.5914335)","(41.7860855, -87.5914665)","(41.786565, -87.5914798)","(41.78728, -87.5914978)","(41.7878569, -87.5915121)","(41.7878631, -87.5901653)","(41.7878782, -87.5891206)","(41.7915207, -87.5890327)","(41.7915215, -87.5889652)","(41.7915289, -87.5883306)","(41.7915519, -87.5867184)","(41.7916752, -87.5854242)","(41.7926418, -87.583879)","(41.792666, -87.5820429)","(41.7926487, -87.5815813)","(41.7920724, -87.5803245)","(41.7904037, -87.5794016)","(41.7811735, -87.5749269)","(41.7807088, -87.5747857)","(41.7778169, -87.5758275)","(41.7753843, -87.5751975)","(41.7755978, -87.5715483)","(41.7762645, -87.571264)","(41.7755978, -87.5715483)","(41.7753843, -87.5751975)","(41.7759488, -87.5780876)","(41.7767026, -87.5788944)","(41.7798098, -87.5795014)","(41.7802034, -87.5841749)","(41.7782629, -87.5851658)","(41.7762429, -87.5861867)","(41.7760851, -87.5863763)","(41.7751775, -87.5863414)","(41.7742564, -87.5863113)","(41.7733354, -87.5862849)","(41.772423, -87.5862745)","(41.7715112, -87.5862686)","(41.7714951, -87.5880247)","(41.7714889, -87.5887048)","(41.771481, -87.5895679)","(41.7714668, -87.5911197)","(41.7678294, -87.5922274)","(41.7678142, -87.5939801)","(41.7678132, -87.5940617)","(41.766006, -87.5943384)","(41.766, -87.5951605)","(41.765917, -87.5958579)","(41.7658948, -87.5970622)","(41.7658808, -87.598276)","(41.7658669, -87.599487)","(41.7658531, -87.6006914)","(41.7658392, -87.601893)","(41.7658251, -87.6031187)","(41.7658835, -87.6055822)",,,,,,,,,,,,,,,,,,,,,,,,,,,,,,,,,,,,,,,,,,,,,,,,,,,,,,,,,,,,,,,,,,,,,,,,,,,,,,,,,,,,,,,,,,,,,,,,,,,,,,,,,,,,,,,,,,,,,,,,,,,,,,,,,,,,,,,,,,,,,,,,,,,,,,,,,,,,,,,,,,,,,,,,,,,,,,,,,,,,,,,
"(41.7080491, -87.5681318)","(41.708068, -87.5669251)","(41.7098636, -87.5669482)","(41.7098486, -87.568151)","(41.7098346, -87.56893)","(41.7098687, -87.5691079)","(41.710184, -87.5693853)","(41.7116296, -87.5706892)","(41.7134923, -87.5723719)","(41.7152116, -87.5739982)","(41.7152619, -87.5740435)","(41.7165607, -87.5752151)","(41.7170752, -87.5752276)","(41.7188236, -87.5752701)","(41.720647, -87.5753144)","(41.720632, -87.5765223)","(41.7206168, -87.5777389)","(41.7224376, -87.577778)","(41.7224515, -87.5765696)","(41.7224655, -87.5753586)","(41.7242903, -87.5754009)","(41.7261196, -87.5754402)","(41.7261353, -87.5742274)","(41.726151, -87.5730096)","(41.7279729, -87.5730541)","(41.7279887, -87.571841)","(41.7280045, -87.5706255)","(41.7280205, -87.5694005)","(41.7280361, -87.5682094)","(41.7298637, -87.5682514)","(41.7316908, -87.5682934)","(41.7317078, -87.567075)","(41.7317246, -87.5658625)","(41.731733, -87.5652597)","(41.7317414, -87.5646547)","(41.7317584, -87.5634301)","(41.731775, -87.562238)","(41.7318226, -87.5613845)","(41.73199, -87.5611241)","(41.7330083, -87.5598739)","(41.7332345, -87.5601894)","(41.7336387, -87.5596398)","(41.7336542, -87.5582561)","(41.7354652, -87.5582867)","(41.7372922, -87.5583523)","(41.7373034, -87.5575109)","(41.7373107, -87.5569588)","(41.7373196, -87.556291)","(41.7391502, -87.5563158)","(41.7409549, -87.5563539)","(41.7427811, -87.5563756)","(41.7446013, -87.5564149)","(41.74461, -87.5557839)","(41.7446183, -87.5551806)","(41.744635, -87.5539681)","(41.7446516, -87.5527668)","(41.7455514, -87.5527835)","(41.7464553, -87.5528003)","(41.7473444, -87.5528168)","(41.7482876, -87.5528343)","(41.7492077, -87.552852)","(41.7500894, -87.5528677)","(41.7501075, -87.5515033)","(41.7501215, -87.5504494)","(41.7501378, -87.5492254)","(41.7501538, -87.5480255)","(41.7501701, -87.5467989)","(41.7515321, -87.5467248)","(41.7509282, -87.5444404)","(41.7510563, -87.5443606)","(41.751962, -87.5447287)","(41.7579732, -87.5492077)","(41.751962, -87.5447287)","(41.751222, -87.544467)","(41.7511289, -87.5446532)","(41.7520503, -87.548007)","(41.7501538, -87.5480255)","(41.7483535, -87.5479883)","(41.7465186, -87.5479505)","(41.7447107, -87.5479132)","(41.7446981, -87.5491176)","(41.7446856, -87.5503145)","(41.7434782, -87.5502845)","(41.7434727, -87.5512775)","(41.7434701, -87.5517466)","(41.7421119, -87.5515154)","(41.7420356, -87.5515142)","(41.741022, -87.5514976)","(41.7392149, -87.551468)","(41.7373844, -87.551438)","(41.7355493, -87.5513938)","(41.7337315, -87.55135)","(41.7319056, -87.551306)","(41.7300839, -87.5512621)","(41.7282587, -87.5512202)","(41.7267292, -87.551168)","(41.7246043, -87.5511215)","(41.7227738, -87.551086)","(41.7209439, -87.5510583)","(41.7191207, -87.5510308)","(41.7173155, -87.5510008)","(41.7154638, -87.5509676)","(41.7133988, -87.5509392)","(41.7118531, -87.5515135)","(41.7100379, -87.5522616)","(41.7082202, -87.553069)","(41.7064019, -87.554988)","(41.706396, -87.5563712)","(41.7064037, -87.5596489)","(41.704597, -87.5596266)","(41.7027872, -87.5596032)","(41.7009779, -87.5595783)","(41.6991603, -87.5595533)","(41.6977614, -87.559534)","(41.6955047, -87.559503)","(41.6882663, -87.5594034)","(41.6846628, -87.5593739)","(41.6828199, -87.5593552)","(41.673791, -87.5592567)","(41.6661864, -87.5588737)","(41.6656598, -87.5588742)","(41.661594, -87.5588807)","(41.6590313, -87.5591335)","(41.6586922, -87.5594754)","(41.6591779, -87.5673598)","(41.6594927, -87.5833544)","(41.6601494, -87.5853141)","(41.6604487, -87.5884498)","(41.6604318, -87.5903633)","(41.6603013, -87.5926165)","(41.6601744, -87.5934919)","(41.6600989, -87.5934655)","(41.6601664, -87.5930272)","(41.660358, -87.5902826)","(41.660354, -87.5880844)","(41.6600686, -87.5853201)","(41.6594927, -87.5833544)","(41.6601494, -87.5853141)","(41.6604487, -87.5884498)","(41.6604318, -87.5903633)","(41.6603013, -87.5926165)","(41.6601744, -87.5934919)","(41.6600989, -87.5934655)","(41.6601664, -87.5930272)","(41.660358, -87.5902826)","(41.660354, -87.5880844)","(41.6600686, -87.5853201)","(41.6594927, -87.5833544)","(41.6591779, -87.5673598)","(41.6584052, -87.5592346)","(41.6552666, -87.5593077)","(41.6522557, -87.5593098)","(41.6552666, -87.5593077)","(41.6577689, -87.559108)","(41.6581202, -87.5585894)","(41.6568042, -87.5566084)","(41.6561757, -87.5558785)","(41.6550205, -87.5544498)","(41.6540764, -87.5532224)","(41.6536917, -87.5527359)","(41.6536909, -87.5519974)","(41.6536896, -87.5507874)","(41.6536884, -87.5495716)","(41.6536871, -87.5483826)","(41.6536808, -87.547157)","(41.6536778, -87.545918)","(41.653681, -87.5447225)","(41.6536786, -87.5435088)","(41.6536762, -87.5423018)","(41.6536738, -87.541101)","(41.6536626, -87.5398838)","(41.653664, -87.5386741)","(41.6536655, -87.5374537)","(41.6536669, -87.5362539)","(41.6536546, -87.535033)","(41.6536627, -87.5275583)","(41.6536546, -87.535033)","(41.6536669, -87.5362539)","(41.6536655, -87.5374537)","(41.6555263, -87.5374684)","(41.6555314, -87.5386791)","(41.6573029, -87.5386839)","(41.6573069, -87.5398757)","(41.6591305, -87.5398958)","(41.6661007, -87.5393243)","(41.666662, -87.5444903)","(41.6744669, -87.5447374)","(41.6809684, -87.5448542)","(41.6809518, -87.5400912)","(41.682779, -87.5400408)","(41.6833226, -87.5400491)","(41.6845913, -87.5401215)","(41.6847869, -87.5401224)","(41.6882272, -87.540093)","(41.6900353, -87.5400953)","(41.6900322, -87.5388988)","(41.6900291, -87.5376931)","(41.6918475, -87.5376928)","(41.6936651, -87.5376924)","(41.6936625, -87.5364845)","(41.6954898, -87.5364827)","(41.697301, -87.5364817)","(41.699112, -87.5364882)","(41.7009283, -87.5364842)","(41.7027387, -87.5364853)","(41.7027438, -87.5376908)","(41.702749, -87.5389025)","(41.7027546, -87.5400985)","(41.7027564, -87.5413222)","(41.7027545, -87.5425541)","(41.7027547, -87.5437555)","(41.7027778, -87.5549027)","(41.7027872, -87.5596032)","(41.704597, -87.5596266)","(41.704593, -87.5608346)","(41.7045913, -87.5620376)","(41.704582, -87.563252)","(41.7045795, -87.5644602)","(41.7046205, -87.5656582)","(41.7063898, -87.5656904)","(41.708068, -87.5669251)","(41.7080491, -87.5681318)","(41.7078959, -87.578133)","(41.7079, -87.5812743)","(41.7078446, -87.584471)","(41.7077892, -87.5872921)","(41.7076854, -87.5872953)","(41.7077389, -87.5844661)","(41.7077908, -87.5812636)","(41.7077971, -87.5808155)","(41.707799, -87.5806792)","(41.7078065, -87.5801587)","(41.7078959, -87.578133)","(41.7080491, -87.5681318)",,,,,,,,,,,,,,,,,,,,,,,,,,
"(41.7524446, -87.6440876)","(41.7506362, -87.6440364)","(41.7488176, -87.6439918)","(41.7470001, -87.6439324)","(41.7452096, -87.6438797)","(41.7452305, -87.6426693)","(41.7433718, -87.6425945)","(41.7433853, -87.6418475)","(41.7434033, -87.6406807)","(41.7416558, -87.6380572)","(41.741459, -87.6382184)","(41.739634, -87.6376468)","(41.7378773, -87.6375966)","(41.7363184, -87.6375521)","(41.7361786, -87.6375478)","(41.7360475, -87.6375437)","(41.7360612, -87.6363165)","(41.7359364, -87.6350925)","(41.7359543, -87.6344751)","(41.7359804, -87.632739)","(41.7359971, -87.6317237)","(41.736285, -87.6272782)","(41.7359971, -87.6317237)","(41.7366895, -87.6323453)","(41.7395421, -87.6319454)","(41.7435447, -87.6320474)","(41.7435057, -87.6341106)","(41.7441635, -87.6359486)","(41.7453348, -87.6356325)","(41.7471325, -87.6351638)","(41.7471029, -87.6366315)","(41.7470701, -87.6378377)","(41.7470451, -87.6390809)","(41.7488731, -87.6391936)","(41.7488632, -87.6403584)","(41.7488574, -87.6415449)","(41.7506713, -87.6416009)","(41.750654, -87.6428179)","(41.7506362, -87.6440364)","(41.7524446, -87.6440876)",,,,,,,,,,,,,,,,,,,,,,,,,,,,,,,,,,,,,,,,,,,,,,,,,,,,,,,,,,,,,,,,,,,,,,,,,,,,,,,,,,,,,,,,,,,,,,,,,,,,,,,,,,,,,,,,,,,,,,,,,,,,,,,,,,,,,,,,,,,,,,,,,,,,,,,,,,,,,,,,,,,,,,,,,,,,,,,,,,,,,,,,,,,,,,,,,,,,,,,,,,,,,,,,,,,,,,,,,,,,
"(41.8569084, -87.7078314)","(41.8569906, -87.7078338)","(41.8571206, -87.7078377)","(41.8566907, -87.7090563)","(41.8562733, -87.7102461)","(41.8558728, -87.7113886)","(41.8557679, -87.711687)","(41.8554509, -87.7125877)","(41.8550144, -87.7138287)","(41.8545766, -87.7150913)","(41.8544067, -87.7155274)","(41.8537033, -87.7175176)","(41.8532678, -87.7187239)","(41.8528505, -87.7198825)","(41.8524628, -87.7210242)","(41.8520227, -87.7222799)","(41.8516426, -87.7233332)","(41.8516484, -87.7234922)","(41.8516488, -87.724071)","(41.851642, -87.7247638)","(41.851619, -87.7271978)","(41.8515845, -87.7296207)","(41.8515606, -87.7312573)","(41.8515478, -87.7321365)","(41.8515292, -87.7334226)","(41.851513, -87.7345181)","(41.8524523, -87.7345499)","(41.853357, -87.7345772)","(41.8542824, -87.7346069)","(41.853357, -87.7345772)","(41.8524523, -87.7345499)","(41.851513, -87.7345181)","(41.8513403, -87.7345125)","(41.8476791, -87.7343951)","(41.8459414, -87.7343305)","(41.8450319, -87.7342993)","(41.8441217, -87.7342698)","(41.8441437, -87.732666)","(41.8441545, -87.7318502)","(41.8423157, -87.7317963)","(41.8404778, -87.7317434)","(41.8386393, -87.731688)","(41.8386537, -87.7304714)","(41.838668, -87.7292557)","(41.836839, -87.7292066)","(41.8368528, -87.7279989)","(41.835033, -87.7279553)","(41.8350456, -87.7267363)","(41.8350581, -87.7255308)","(41.8350706, -87.7243187)","(41.8333022, -87.7242743)","(41.8303385, -87.7242084)","(41.8302345, -87.7242064)","(41.8299823, -87.7242015)","(41.8288704, -87.72418)","(41.8287555, -87.7241773)","(41.8284263, -87.7241693)","(41.8244309, -87.7240743)","(41.8235337, -87.7241071)","(41.8231916, -87.7248219)","(41.8215314, -87.7296014)","(41.8190594, -87.7374483)","(41.8178662, -87.7433372)","(41.8204413, -87.7434898)","(41.8178215, -87.7435234)","(41.8167183, -87.7435002)","(41.8167768, -87.7433061)","(41.8192155, -87.7360763)","(41.8213678, -87.7292464)","(41.8248009, -87.7183178)","(41.8292423, -87.7042159)","(41.8298127, -87.7017466)","(41.8305739, -87.6993318)","(41.8314093, -87.6952268)","(41.8314972, -87.6949734)","(41.8315832, -87.6947785)","(41.8327998, -87.6948169)","(41.8339298, -87.6949282)","(41.837422, -87.6950177)","(41.838035, -87.6895419)","(41.8381644, -87.6895446)","(41.8381694, -87.6892992)","(41.8390814, -87.6852303)","(41.8412073, -87.6852899)","(41.8434314, -87.6853582)","(41.8448366, -87.6854334)","(41.8452941, -87.6842155)","(41.845753, -87.6830188)","(41.846676, -87.680598)","(41.8476097, -87.678183)","(41.8485424, -87.6757394)","(41.8494841, -87.6733278)","(41.850409, -87.6708698)","(41.8513429, -87.6684795)","(41.8523341, -87.6660893)","(41.8523096, -87.6659549)","(41.8523458, -87.663607)","(41.8463488, -87.6634507)","(41.8523458, -87.663607)","(41.8524272, -87.6636081)","(41.8523924, -87.6659557)","(41.8532327, -87.6659702)","(41.8532309, -87.6660968)","(41.8531967, -87.6685297)","(41.8531623, -87.6709709)","(41.8540703, -87.6709953)","(41.8540428, -87.6734455)","(41.8540154, -87.6758916)","(41.8539806, -87.6783437)","(41.8539459, -87.6807849)","(41.853911, -87.6832404)","(41.8538942, -87.6856841)","(41.8538299, -87.6905938)","(41.8537791, -87.6930596)","(41.8537504, -87.6942621)","(41.8537437, -87.6955144)","(41.8546876, -87.6955444)","(41.8555548, -87.695572)","(41.8573916, -87.6956305)","(41.8592264, -87.6956888)","(41.8601273, -87.6957168)","(41.8601463, -87.6957173)","(41.8611811, -87.6957491)","(41.8613272, -87.6957532)","(41.8601579, -87.6990522)","(41.8595584, -87.700744)","(41.8592648, -87.7017057)","(41.8588482, -87.7029332)","(41.8586422, -87.7035166)","(41.8583738, -87.7042797)","(41.8579728, -87.7054247)","(41.85755, -87.7066242)","(41.8571206, -87.7078377)","(41.8566907, -87.7090563)","(41.8565529, -87.7090523)","(41.8564749, -87.7090501)","(41.8569084, -87.7078314)",,,,,,,,,,,,,,,,,,,,,,,,,,,,,,,,,,,,,,,,,,,,,,,,,,,,,,,,,,,,,,,,,,,,,,,,,,,,,,,,,,,,,,,,,,,,,,,,,,,,,,,,,,,,,,,,,,,,,,,,,,,
"(41.8578293, -87.6273002)","(41.8565397, -87.6272012)","(41.855447, -87.6271553)","(41.8542398, -87.627133)","(41.8529281, -87.6270946)","(41.8528202, -87.6270915)","(41.8527803, -87.625513)","(41.8527955, -87.6238069)","(41.8528128, -87.6222339)","(41.8528332, -87.6206629)","(41.8526428, -87.6192606)","(41.8491275, -87.6182843)","(41.8489593, -87.6181125)","(41.848651, -87.617863)","(41.8484901, -87.6177821)","(41.8478377, -87.617708)","(41.8477155, -87.6177081)","(41.8473998, -87.6177017)","(41.8469598, -87.6176892)","(41.8468735, -87.6176864)","(41.8467781, -87.6176832)","(41.8466252, -87.6176797)","(41.8457277, -87.6176593)","(41.8420646, -87.6175756)","(41.8420704, -87.6172102)","(41.8420944, -87.6156853)","(41.8421032, -87.6139439)","(41.838519, -87.6113204)","(41.8385673, -87.6092191)","(41.83861, -87.607801)","(41.8396964, -87.6081421)","(41.8402626, -87.6084367)","(41.8503509, -87.6120923)","(41.8545846, -87.6139009)","(41.8583795, -87.6145754)","(41.8603802, -87.6138382)","(41.8650387, -87.6139396)","(41.8650397, -87.6140894)","(41.8650387, -87.6139396)","(41.8661148, -87.6137538)","(41.8661623, -87.6101337)","(41.8664686, -87.6101381)","(41.8664065, -87.61373)","(41.8650397, -87.6140894)","(41.864982, -87.6189955)","(41.8649772, -87.619403)","(41.864784, -87.6196214)","(41.8626884, -87.6187862)","(41.8609068, -87.6180986)","(41.8578495, -87.6171399)","(41.8581222, -87.616068)","(41.8599554, -87.6174399)","(41.8603344, -87.6176192)","(41.8635802, -87.6186991)","(41.864982, -87.6189955)","(41.8665695, -87.6191986)","(41.8674707, -87.6187263)","(41.8716309, -87.6170308)","(41.8732487, -87.6170658)","(41.8783641, -87.6171823)","(41.880924, -87.6172438)","(41.8809197, -87.6175059)","(41.8783628, -87.6174422)","(41.8783304, -87.6207071)","(41.8762871, -87.6206379)","(41.8758074, -87.6206379)","(41.8753882, -87.6206263)","(41.8732179, -87.620591)","(41.8676015, -87.6204227)","(41.8675542, -87.6225595)","(41.8674152, -87.6226756)","(41.8658111, -87.6226383)","(41.8657947, -87.6241149)","(41.8641133, -87.6240821)","(41.8640757, -87.6257585)","(41.8624229, -87.6257226)","(41.8602099, -87.6256745)","(41.8601773, -87.6271817)","(41.8601735, -87.6273573)","(41.8590034, -87.6273294)","(41.8578293, -87.6273002)",,,,,,,,,,,,,,,,,,,,,,,,,,,,,,,,,,,,,,,,,,,,,,,,,,,,,,,,,,,,,,,,,,,,,,,,,,,,,,,,,,,,,,,,,,,,,,,,,,,,,,,,,,,,,,,,,,,,,,,,,,,,,,,,,,,,,,,,,,,,,,,,,,,,,,,,,,,,,,,,,,,,,,,,,,,,,,,,,,,
"(41.8380408, -87.6462682)","(41.8364609, -87.6462316)","(41.834832, -87.6461956)","(41.8344023, -87.6461832)","(41.8338385, -87.6461686)","(41.8325739, -87.6461415)","(41.8317764, -87.646123)","(41.8307513, -87.6461022)","(41.8297137, -87.6460771)","(41.8289278, -87.6460585)","(41.8286753, -87.6460525)","(41.8276347, -87.6460279)","(41.8271077, -87.6460154)","(41.8266043, -87.6460035)","(41.8255595, -87.6459787)","(41.8245205, -87.6459541)","(41.8234517, -87.6459301)","(41.8233828, -87.6507741)","(41.8233484, -87.6534657)","(41.8232139, -87.6598735)","(41.8232019, -87.6559186)","(41.8226632, -87.6555337)","(41.8186065, -87.6554103)","(41.8159868, -87.6553352)","(41.8123715, -87.6552427)","(41.8159868, -87.6553352)","(41.8159259, -87.6586477)","(41.8141537, -87.6586058)","(41.8103653, -87.6585163)","(41.8141537, -87.6586058)","(41.8140723, -87.6650399)","(41.8140708, -87.6651603)","(41.812241, -87.6651149)","(41.8104312, -87.6650757)","(41.8104179, -87.6662439)","(41.8104041, -87.6674581)","(41.8103903, -87.6686738)","(41.8103765, -87.6698776)","(41.8103628, -87.6710852)","(41.810349, -87.6722955)","(41.8103352, -87.6735243)","(41.8103224, -87.6746646)","(41.8103168, -87.6751596)","(41.8103224, -87.6746646)","(41.8103352, -87.6735243)","(41.810349, -87.6722955)","(41.8121783, -87.6723411)","(41.8139969, -87.6723867)","(41.8158052, -87.6724345)","(41.8157054, -87.6840513)","(41.8157009, -87.684632)","(41.8156818, -87.6858995)","(41.8156638, -87.6871057)","(41.8156455, -87.6883158)","(41.8156272, -87.6895293)","(41.81744, -87.6895807)","(41.8185781, -87.689613)","(41.820748, -87.6934233)","(41.8200492, -87.6945654)","(41.8201318, -87.6945673)","(41.8210323, -87.6945881)","(41.8218891, -87.694608)","(41.8219121, -87.6946085)","(41.8227873, -87.6946287)","(41.8237058, -87.69465)","(41.8246156, -87.6946708)","(41.825534, -87.6946923)","(41.827354, -87.6947481)","(41.8282724, -87.6947717)","(41.8291815, -87.6947947)","(41.8301078, -87.6948182)","(41.8315832, -87.6947785)","(41.8327998, -87.6948169)","(41.8327398, -87.6949899)","(41.8314972, -87.6949734)","(41.8310978, -87.6949493)","(41.8301078, -87.6948182)","(41.8301529, -87.6923782)","(41.8301979, -87.6899423)","(41.8302205, -87.6887144)","(41.8302654, -87.6862874)","(41.8302885, -87.6850344)","(41.8302949, -87.6844644)","(41.8303032, -87.6837155)","(41.8303156, -87.6826081)","(41.8303315, -87.6813753)","(41.8303428, -87.6801728)","(41.8303541, -87.6777196)","(41.831825, -87.6753276)","(41.8322184, -87.6753383)","(41.834042, -87.675374)","(41.8361954, -87.6754488)","(41.8367268, -87.6753963)","(41.8371312, -87.6753908)","(41.8372905, -87.6753942)","(41.8374637, -87.6753959)","(41.8376997, -87.6753963)","(41.8381675, -87.6754393)","(41.8396504, -87.6753996)","(41.8381675, -87.6754393)","(41.8375772, -87.6755323)","(41.8372168, -87.6755262)","(41.8370605, -87.6755236)","(41.8368883, -87.6755207)","(41.8365297, -87.6755089)","(41.8361954, -87.6754488)","(41.834042, -87.675374)","(41.8340612, -87.6737901)","(41.8340885, -87.6716166)","(41.8341048, -87.6704741)","(41.8331962, -87.6704541)","(41.8322915, -87.6704341)","(41.8323055, -87.6692253)","(41.8323197, -87.6680021)","(41.832334, -87.6667669)","(41.8323467, -87.6656667)","(41.8323481, -87.6655484)","(41.8323607, -87.6643361)","(41.830569, -87.6593237)","(41.8269128, -87.6593577)","(41.830569, -87.6593237)","(41.8306194, -87.6557486)","(41.830651, -87.6534022)","(41.8306838, -87.6509627)","(41.8307056, -87.6493424)","(41.8307166, -87.6485305)","(41.8307273, -87.647736)","(41.8307513, -87.6461022)","(41.8307666, -87.6448793)","(41.8307807, -87.6436702)","(41.8308005, -87.6424503)","(41.8308188, -87.6412239)","(41.8308314, -87.640018)","(41.830841, -87.6388)","(41.8308861, -87.6351659)","(41.832719, -87.6352093)","(41.8345416, -87.6352525)","(41.834532, -87.6358866)","(41.8363504, -87.6359284)","(41.8381677, -87.6361689)","(41.8381664, -87.6363671)","(41.8381516, -87.6377494)","(41.8381355, -87.638976)","(41.8381197, -87.6402026)","(41.8381041, -87.641398)","(41.8380881, -87.6426331)","(41.8380723, -87.6438441)","(41.8380566, -87.6450568)","(41.8380408, -87.6462682)",,,,,,,,,,,,,,,,,,,,,,,,,,,,,,,,,,,,,,,,,,,,,,,,,,,,,,,,,,,,,,,,,,,,,,,,,,,,,,,,,,,,,,,,,,,,,,,,,,,,,,,,,,,,,,,
"(41.8310468, -87.6232438)","(41.8310641, -87.6217544)","(41.8310793, -87.6205345)","(41.8310952, -87.6193368)","(41.8311077, -87.618397)","(41.8311113, -87.6181301)","(41.8311219, -87.6173315)","(41.8311471, -87.6169632)","(41.8311293, -87.6144892)","(41.8311433, -87.6133466)","(41.8311852, -87.6106102)","(41.8291358, -87.6095477)","(41.8295725, -87.6084806)","(41.8281154, -87.6075375)","(41.8264367, -87.6065223)","(41.8255748, -87.6060363)","(41.8244003, -87.6053741)","(41.8242964, -87.6053155)","(41.8242671, -87.6050654)","(41.8241108, -87.6043228)","(41.8233605, -87.6047128)","(41.8219555, -87.6038133)","(41.8200707, -87.602646)","(41.8195973, -87.6023937)","(41.81961, -87.6015715)","(41.8180185, -87.6006532)","(41.8168898, -87.6006351)","(41.8150669, -87.6005958)","(41.8150827, -87.5993907)","(41.8146217, -87.5993757)","(41.8146301, -87.5981499)","(41.8132867, -87.5981144)","(41.8133016, -87.5968985)","(41.814147, -87.5968727)","(41.8146058, -87.5957702)","(41.8148044, -87.5952962)","(41.8146058, -87.5957702)","(41.8111989, -87.594249)","(41.8096864, -87.5924476)","(41.8096961, -87.5920226)","(41.8103598, -87.5902565)","(41.8105613, -87.5897603)","(41.810893, -87.5889441)","(41.8131742, -87.5909779)","(41.8185182, -87.5961105)","(41.8189543, -87.5964407)","(41.8231362, -87.5991955)","(41.8253759, -87.600303)","(41.8257311, -87.6004871)","(41.8277445, -87.6023969)","(41.8306004, -87.6053541)","(41.8310821, -87.6057317)","(41.8318169, -87.6062874)","(41.8321305, -87.6065171)","(41.8350594, -87.6077205)","(41.83861, -87.607801)","(41.8385673, -87.6092191)","(41.8357347, -87.6080932)","(41.8309614, -87.6060119)","(41.8304904, -87.6056378)","(41.8272525, -87.6021097)","(41.8251702, -87.6009029)","(41.8230482, -87.5994434)","(41.8188975, -87.5967528)","(41.8183917, -87.5963598)","(41.8133419, -87.591653)","(41.8086785, -87.5875209)","(41.8064789, -87.5854237)","(41.8020228, -87.5815773)","(41.794428, -87.5795975)","(41.7924323, -87.5803467)","(41.7924328, -87.5801631)","(41.8025109, -87.5814639)","(41.8029121, -87.5815284)","(41.8036001, -87.581771)","(41.8042166, -87.5821577)","(41.8091485, -87.5873246)","(41.810893, -87.5889441)","(41.8131742, -87.5909779)","(41.8185182, -87.5961105)","(41.8189543, -87.5964407)","(41.8231362, -87.5991955)","(41.8253759, -87.600303)","(41.8257311, -87.6004871)","(41.8277445, -87.6023969)","(41.8306004, -87.6053541)","(41.8310821, -87.6057317)","(41.8318169, -87.6062874)","(41.8321305, -87.6065171)","(41.8350594, -87.6077205)","(41.838648, -87.6083524)","(41.8389669, -87.6084863)","(41.8423141, -87.6099235)","(41.843509, -87.6104259)","(41.8539583, -87.6142742)","(41.8558335, -87.6154273)","(41.8581222, -87.616068)","(41.8578495, -87.6171399)","(41.8554563, -87.6156557)","(41.8549513, -87.6154467)","(41.8532416, -87.6147276)","(41.8445029, -87.6111296)","(41.8411571, -87.6097567)","(41.8385365, -87.6086342)","(41.8381428, -87.6084718)","(41.8357347, -87.6080932)","(41.8309614, -87.6060119)","(41.8304904, -87.6056378)","(41.8272525, -87.6021097)","(41.8251702, -87.6009029)","(41.8246102, -87.6025835)","(41.8243425, -87.6034978)","(41.8249862, -87.6039057)","(41.8286461, -87.6063175)","(41.8300433, -87.6073997)","(41.8312177, -87.6082939)","(41.8311852, -87.6106102)","(41.8312625, -87.6133483)","(41.831246, -87.6144915)","(41.8311471, -87.6169632)","(41.8311219, -87.6173315)","(41.8311113, -87.6181301)","(41.8311077, -87.618397)","(41.8310952, -87.6193368)","(41.8310793, -87.6205345)","(41.8310641, -87.6217544)","(41.8310468, -87.6232438)",,,,,,,,,,,,,,,,,,,,,,,,,,,,,,,,,,,,,,,,,,,,,,,,,,,,,,,,,,,,,,,,,,,,,,,,,,,,,,,,,,,,,,,,,,,,,,,,,,,,,,,,,,,,,,,,,,,,,,,,,,,,,,,,,,,,,
"(41.8802556, -87.7681172)","(41.8802247, -87.7697595)","(41.8801168, -87.7697548)","(41.8801703, -87.7664973)","(41.8801936, -87.7648562)","(41.8792443, -87.7648167)","(41.8783397, -87.7647805)","(41.87744, -87.7647497)","(41.8765313, -87.7647202)","(41.8756315, -87.7646827)","(41.8747308, -87.7646477)","(41.8747679, -87.7616156)","(41.8748183, -87.75749)","(41.8739128, -87.7574569)","(41.8729158, -87.7574206)","(41.8729463, -87.7547947)","(41.8719572, -87.7547521)","(41.8710479, -87.7547129)","(41.871067, -87.7531896)","(41.8711186, -87.7490813)","(41.8711558, -87.7461191)","(41.8711828, -87.7450095)","(41.870913, -87.7449163)","(41.8704497, -87.7449009)","(41.8702599, -87.7448946)","(41.8695388, -87.7448707)","(41.86936, -87.7448648)","(41.868502, -87.7448363)","(41.8658961, -87.7447498)","(41.8658809, -87.7459251)","(41.8658633, -87.7471233)","(41.8658453, -87.748351)","(41.8658263, -87.7496454)","(41.8658096, -87.7507848)","(41.8657915, -87.7520188)","(41.8657734, -87.75325)","(41.8657562, -87.754521)","(41.8710479, -87.7547129)","(41.871027, -87.757328)","(41.8700992, -87.7573052)","(41.8701291, -87.7551733)","(41.8700992, -87.7573052)","(41.871027, -87.757328)","(41.8710479, -87.7547129)","(41.8719572, -87.7547521)","(41.8719201, -87.7573751)","(41.8718638, -87.7615082)","(41.8718504, -87.7629439)","(41.8718357, -87.7644901)","(41.8728324, -87.7645868)","(41.873824, -87.7646126)","(41.8747308, -87.7646477)","(41.8756315, -87.7646827)","(41.8765313, -87.7647202)","(41.87744, -87.7647497)","(41.8783397, -87.7647805)","(41.8792443, -87.7648167)","(41.8801936, -87.7648562)","(41.8803075, -87.7648602)","(41.8802846, -87.7665024)","(41.8802556, -87.7681172)",,,,,,,,,,,,,,,,,,,,,,,,,,,,,,,,,,,,,,,,,,,,,,,,,,,,,,,,,,,,,,,,,,,,,,,,,,,,,,,,,,,,,,,,,,,,,,,,,,,,,,,,,,,,,,,,,,,,,,,,,,,,,,,,,,,,,,,,,,,,,,,,,,,,,,,,,,,,,,,,,,,,,,,,,,,,,,,,,,,,,,,,,,,,,,,,,,,,,,,
