Date,coordinates
3/3/12,"(41.794051584, -87.762347332)"
3/3/12,"(41.795866297, -87.769720805)"
12/1/12,"(41.673869466, -87.617692404)"
8/1/12,"(41.767494193, -87.671172189)"
7/4/12,"(41.712272495, -87.612681122)"
12/8/12,"(41.924492457, -87.726107642)"
5/5/12,"(41.810509719, -87.607821275)"
11/5/12,"(41.809059884, -87.635138753)"
11/12/12,"(41.836954705, -87.72010301)"
1/4/12,"(41.73298281, -87.605983251)"
1/8/12,"(41.940251326, -87.649275328)"
1/9/12,"(41.809669669, -87.594427666)"
1/10/12,"(41.734724236, -87.6114483)"
1/10/12,"(41.754592961, -87.741528537)"
1/12/12,"(41.909307068, -87.80576669)"
1/12/12,"(41.993108988, -87.711800961)"
2/1/12,"(42.014071312, -87.8066092)"
2/4/12,"(41.75103437, -87.55037632)"
2/10/12,"(41.783424615, -87.7093753)"
2/9/12,"(41.880237054, -87.74526923)"
2/10/12,"(41.909307068, -87.80576669)"
2/10/12,"(41.898008153, -87.726163929)"
2/12/12,"(41.877556996, -87.75575519)"
3/5/12,"(41.909246669, -87.776130886)"
3/5/12,"(41.670527412, -87.64245008)"
3/7/12,"(41.935389157, -87.65260562)"
3/8/12,"(41.87827934, -87.71476926)"
3/4/12,"(41.934960343, -87.647872803)"
3/12/12,"(41.995595658, -87.670192458)"
4/3/12,"(41.810729022, -87.601726053)"
4/9/12,"(41.889451311, -87.64121997)"
4/9/12,"(41.680562599, -87.705940498)"
1/6/12,"(41.903141995, -87.63077557)"
2/8/12,"(41.865738389, -87.755387983)"
4/12/12,"(41.987404624, -87.843494002)"
4/9/12,"(41.937236424, -87.650825475)"
5/3/12,"(41.735434763, -87.740968012)"
5/6/12,"(41.683661667, -87.62529009)"
5/7/12,"(41.885882002, -87.66077741)"
5/11/12,"(41.696142182, -87.705935572)"
6/3/12,"(41.816888086, -87.600148216)"
6/4/12,"(41.82099135, -87.695920761)"
6/4/12,"(41.921648023, -87.65991324)"
6/5/12,"(41.772225242, -87.742085013)"
6/9/12,"(41.854998937, -87.72695264)"
6/4/12,"(41.98734814, -87.843119252)"
7/4/12,"(41.8032982, -87.653195042)"
7/6/12,"(42.00885123, -87.69016688)"
7/5/12,"(41.814513943, -87.608307995)"
7/7/12,"(41.809669669, -87.594427666)"
7/6/12,"(41.881026177, -87.72813142)"
7/11/12,"(41.826467, -87.625307465)"
7/11/12,"(41.909224529, -87.777791622)"
8/1/12,"(41.78235238, -87.719197279)"
8/5/12,"(41.938225604, -87.79158381)"
8/3/12,"(42.01856299, -87.687739555)"
8/7/12,"(41.896922593, -87.62570147)"
9/2/12,"(41.76834807, -87.646925739)"
9/2/12,"(41.946217055, -87.655721542)"
9/3/12,"(41.909307068, -87.80576669)"
9/2/12,"(41.841947905, -87.72448859)"
9/6/12,"(41.69235452, -87.642681558)"
9/7/12,"(41.884434972, -87.774796793)"
9/7/12,"(41.916434028, -87.75236256)"
9/9/12,"(41.896671452, -87.628594922)"
9/8/12,"(41.77348517, -87.573221086)"
10/1/12,"(41.939632086, -87.644386176)"
10/1/12,"(41.7772115, -87.698847492)"
10/3/12,"(41.880982172, -87.774687321)"
10/4/12,"(41.799615294, -87.787398313)"
10/4/12,"(41.766109192, -87.57290861)"
10/5/12,"(41.95028505, -87.707140428)"
10/10/12,"(41.923613437, -87.793511665)"
11/1/12,"(41.784254117, -87.65340735)"
11/2/12,"(41.730028217, -87.55503867)"
11/4/12,"(41.787940699, -87.801358013)"
11/8/12,"(41.909307068, -87.80576669)"
11/11/12,"(41.89335243, -87.649265465)"
11/8/12,"(41.73899149, -87.642676722)"
11/11/12,"(41.943660199, -87.64661074)"
11/12/12,"(41.720480471, -87.682050624)"
11/9/12,"(41.888676095, -87.636913058)"
12/1/12,"(41.67735015, -87.671412516)"
12/1/12,"(42.018264962, -87.67584503)"
12/8/12,"(41.909307068, -87.80576669)"
12/11/12,"(42.019399237, -87.675049485)"
12/11/12,"(41.973172961, -87.867848461)"
6/11/12,"(41.802522678, -87.643715019)"
3/6/12,"(41.776238566, -87.603401333)"
7/5/12,"(41.812205522, -87.66903552)"
1/5/12,"(42.001682746, -87.67313138)"
8/2/12,"(41.892397765, -87.722323899)"
9/2/12,"(41.727201167, -87.57425781)"
3/2/12,"(41.679034586, -87.645606079)"
12/9/12,"(41.868230139, -87.774229289)"
10/11/12,"(41.735680362, -87.608572465)"
8/2/12,"(41.897672568, -87.751996366)"
2/1/12,"(41.854931054, -87.704129154)"
11/3/12,"(41.71861319, -87.552399964)"
6/12/12,"(41.822645182, -87.628585455)"
1/3/12,"(41.900017263, -87.726225708)"
8/6/12,"(41.868219921, -87.664046556)"
5/7/12,"(41.705677782, -87.600944364)"
4/7/12,"(41.809196644, -87.706429259)"
4/5/12,"(42.005832909, -87.669964736)"
8/5/12,"(41.793969887, -87.624070018)"
5/3/12,"(41.729657469, -87.653155429)"
6/2/12,"(41.86609917, -87.659916448)"
9/4/12,"(41.795630427, -87.624110386)"
5/12/12,"(41.778384336, -87.604656531)"
1/2/12,"(41.968479866, -87.705259739)"
11/7/12,"(41.750030916, -87.683445092)"
5/9/12,"(41.69712792, -87.624369795)"
8/9/12,"(41.789537904, -87.668114522)"
4/7/12,"(41.871563129, -87.698488032)"
4/1/12,"(41.843464822, -87.730606778)"
12/2/12,"(41.773809509, -87.588805144)"
7/12/12,"(41.787755043, -87.692414612)"
1/11/12,"(41.74061243, -87.646180582)"
6/6/12,"(41.657912296, -87.60132113)"
1/10/12,"(41.870228606, -87.7479237)"
7/2/12,"(41.877931689, -87.729368696)"
9/8/12,"(41.791797974, -87.697955586)"
3/10/12,"(41.910754075, -87.710087618)"
1/7/12,"(41.791565336, -87.663289748)"
7/6/12,"(41.701468915, -87.606276251)"
7/4/12,"(41.771041494, -87.621430294)"
6/8/12,"(41.800821127, -87.653830052)"
6/9/12,"(41.770479797, -87.620245111)"
5/10/12,"(41.796248249, -87.676798979)"
7/1/12,"(41.875893078, -87.704386239)"
8/2/12,"(41.892397765, -87.722323899)"
3/10/12,"(41.793632334, -87.619196435)"
2/10/12,"(41.902319697, -87.687009075)"
5/4/12,"(41.673291386, -87.642976891)"
7/10/12,"(41.893693999, -87.667222147)"
2/11/12,"(41.849993569, -87.702026705)"
10/12/12,"(41.771068348, -87.583799955)"
11/4/12,"(41.931491671, -87.749668109)"
9/6/12,"(41.917449945, -87.748686457)"
5/5/12,"(41.984307605, -87.660088247)"
1/6/12,"(41.879629789, -87.736605042)"
3/2/12,"(41.892860415, -87.770984454)"
3/6/12,"(41.945088611, -87.64501481)"
7/5/12,"(41.912357382, -87.747215593)"
10/5/12,"(41.722503153, -87.572635409)"
12/12/12,"(41.899122381, -87.753250466)"
7/4/12,"(41.912639024, -87.726418399)"
2/2/12,"(41.786875732, -87.617405044)"
8/5/12,"(41.761672394, -87.567646282)"
4/7/12,"(41.697958905, -87.630984694)"
6/2/12,"(41.762694638, -87.561289359)"
6/11/12,"(41.725300675, -87.604556978)"
7/1/12,"(41.734897624, -87.552759624)"
9/2/12,"(41.961760892, -87.655828955)"
10/1/12,"(41.686238944, -87.628919212)"
1/2/12,"(41.699577165, -87.608304224)"
7/11/12,"(41.993558695, -87.655495503)"
3/9/12,"(41.888179258, -87.757796948)"
8/6/12,"(41.704262023, -87.656960706)"
7/2/12,"(41.875196386, -87.731072469)"
11/7/12,"(41.857130937, -87.651542065)"
8/3/12,"(41.920386159, -87.713605835)"
6/5/12,"(41.770577612, -87.616999766)"
1/9/12,"(41.789497268, -87.672962604)"
5/3/12,"(41.911952129, -87.771551691)"
4/7/12,"(41.819671764, -87.701957751)"
12/1/12,"(41.885733129, -87.746214056)"
11/12/12,"(41.687866743, -87.632577234)"
8/9/12,"(41.770252762, -87.618598009)"
3/12/12,"(41.751329969, -87.601030331)"
10/9/12,"(41.787587214, -87.652275757)"
6/10/12,"(41.757931061, -87.602919789)"
5/11/12,"(41.841795224, -87.709839783)"
7/4/12,"(41.752192862, -87.662339743)"
9/12/12,"(41.792444765, -87.62240731)"
10/12/12,"(41.764881306, -87.635870858)"
4/9/12,"(41.949722481, -87.750935505)"
5/10/12,"(41.947446464, -87.668868434)"
1/8/12,"(41.769185486, -87.625732415)"
2/6/12,"(41.773624208, -87.694795243)"
5/4/12,"(41.851442887, -87.731746808)"
6/2/12,"(41.901525076, -87.727497088)"
8/9/12,"(41.779276522, -87.615601416)"
1/7/12,"(41.93999607, -87.727949036)"
7/5/12,"(41.80685705, -87.659165427)"
10/9/12,"(41.976282242, -87.841541839)"
9/2/12,"(42.018517536, -87.681638499)"
7/1/12,"(41.875227829, -87.72870018)"
2/11/12,"(41.884770936, -87.758899868)"
1/9/12,"(41.854333427, -87.723578285)"
7/3/12,"(41.877931689, -87.729368696)"
8/4/12,"(41.893501985, -87.632651542)"
3/12/12,"(41.81791667, -87.62144331)"
3/4/12,"(41.852019321, -87.670928787)"
8/1/12,"(41.900449563, -87.752503802)"
10/6/12,"(41.813312219, -87.666324236)"
7/10/12,"(41.794672085, -87.623570871)"
1/8/12,"(41.849546197, -87.701517256)"
3/2/12,"(41.793839941, -87.620367621)"
7/1/12,"(41.813183063, -87.60571854)"
3/12/12,"(41.850134482, -87.675785789)"
11/1/12,"(41.79037523, -87.617490782)"
6/11/12,"(41.864276948, -87.659909872)"
3/8/12,"(41.768243533, -87.689056789)"
9/5/12,"(41.931469202, -87.786925903)"
1/2/12,"(41.773189519, -87.671329907)"
5/8/12,"(41.88334197, -87.727544035)"
9/4/12,"(41.796214692, -87.718338829)"
4/6/12,"(41.747635376, -87.604363064)"
5/12/12,"(41.750332165, -87.665155275)"
6/10/12,"(41.781989896, -87.688600214)"
12/1/12,"(41.827288113, -87.632111875)"
4/9/12,"(41.889951856, -87.716529717)"
1/9/12,"(41.92146429, -87.752379397)"
5/3/12,"(41.830132402, -87.639999033)"
1/5/12,"(41.879294275, -87.741238618)"
9/5/12,"(41.747078826, -87.601426771)"
11/8/12,"(41.742723745, -87.68848018)"
11/10/12,"(41.751824605, -87.559268417)"
8/9/12,"(41.741271378, -87.731358205)"
5/6/12,"(41.865194117, -87.660010385)"
10/8/12,"(41.760090211, -87.590836687)"
8/5/12,"(41.970903661, -87.70487923)"
12/9/12,"(41.90131451, -87.725041634)"
2/8/12,"(41.786873855, -87.655550394)"
10/10/12,"(41.744666278, -87.55098869)"
6/11/12,"(41.802522678, -87.643715019)"
4/12/12,"(41.685120177, -87.638991784)"
1/7/12,"(41.897299216, -87.767907874)"
8/1/12,"(41.872040755, -87.719716357)"
5/3/12,"(41.729657469, -87.653155429)"
3/1/12,"(41.709320072, -87.566945747)"
3/6/12,"(41.751036939, -87.550350636)"
12/1/12,"(41.865409818, -87.706856955)"
8/8/12,"(41.792884953, -87.62347324)"
7/5/12,"(41.805149849, -87.718807226)"
2/12/12,"(41.854342414, -87.717547369)"
11/3/12,"(41.791583362, -87.634081651)"
6/4/12,"(41.764151886, -87.683229302)"
8/2/12,"(41.690000986, -87.605940419)"
6/11/12,"(41.778638623, -87.688512796)"
5/8/12,"(41.810610708, -87.593536505)"
1/9/12,"(41.78969544, -87.648685524)"
1/4/12,"(41.764671452, -87.684844209)"
7/11/12,"(41.908430535, -87.638509526)"
7/3/12,"(41.752258758, -87.600360112)"
1/11/12,"(41.948707142, -87.646666855)"
9/4/12,"(41.767795848, -87.632279919)"
5/12/12,"(41.781556777, -87.612056189)"
1/10/12,"(41.988083216, -87.656752717)"
5/10/12,"(41.796248249, -87.676798979)"
4/5/12,"(41.776763642, -87.695775971)"
1/2/12,"(41.75356945, -87.56450286)"
7/11/12,"(41.996422338, -87.691064585)"
6/8/12,"(41.800821127, -87.653830052)"
6/9/12,"(41.692538396, -87.626880654)"
9/8/12,"(41.683235288, -87.63725483)"
1/4/12,"(41.789856574, -87.662038784)"
8/9/12,"(41.751994124, -87.640415448)"
4/2/12,"(41.7819157, -87.691031837)"
12/3/12,"(41.777919241, -87.61315283)"
3/11/12,"(41.878254507, -87.68635566)"
11/6/12,"(41.937887003, -87.717347053)"
8/8/12,"(41.6918666, -87.649661671)"
1/3/12,"(41.778340981, -87.703122242)"
3/6/12,"(41.80964092, -87.665001471)"
2/1/12,"(41.768057072, -87.568688399)"
3/8/12,"(41.718783908, -87.536493673)"
3/5/12,"(41.969562558, -87.674194925)"
3/3/12,"(41.983836456, -87.696796441)"
3/1/12,"(41.69227428, -87.648994644)"
1/5/12,"(41.897629309, -87.683034332)"
1/11/12,"(41.883576055, -87.681583082)"
4/7/12,"(41.860039648, -87.707926227)"
2/8/12,"(41.934957788, -87.679428404)"
3/11/12,"(41.789838589, -87.669332503)"
2/10/12,"(41.879275664, -87.763047094)"
3/12/12,"(41.751928332, -87.644077264)"
1/5/12,"(41.935920337, -87.703859271)"
1/2/12,"(41.879873468, -87.684870498)"
3/4/12,"(41.795300425, -87.654893195)"
3/12/12,"(41.777540344, -87.790327923)"
2/4/12,"(41.825008437, -87.63269443)"
3/12/12,"(41.854120683, -87.66747876)"
2/9/12,"(41.888525948, -87.644322264)"
2/6/12,"(41.776428775, -87.695764623)"
4/5/12,"(41.874785419, -87.760160594)"
3/7/12,"(41.945142544, -87.64485617)"
3/9/12,"(41.938922282, -87.739886089)"
4/6/12,"(41.891303157, -87.628055281)"
2/3/12,"(41.806352875, -87.658829601)"
3/3/12,"(41.709084826, -87.531661996)"
2/2/12,"(41.711368801, -87.669016311)"
2/9/12,"(41.760108997, -87.685564552)"
3/8/12,"(41.943455268, -87.740858556)"
2/4/12,"(41.872224872, -87.744935124)"
2/8/12,"(41.809048441, -87.706427036)"
3/11/12,"(41.883055966, -87.751306293)"
2/5/12,"(41.862817911, -87.718288381)"
1/1/12,"(41.742238128, -87.562439521)"
3/11/12,"(41.742621194, -87.607343845)"
4/5/12,"(41.694285511, -87.623152439)"
3/8/12,"(41.976495786, -87.905108161)"
2/8/12,"(41.8045962, -87.63444266)"
3/9/12,"(41.874033297, -87.677068331)"
2/5/12,"(41.786420733, -87.692801909)"
2/5/12,"(41.965911528, -87.65886264)"
1/12/12,"(41.98287878, -87.791440835)"
4/7/12,"(41.918005308, -87.710266917)"
1/3/12,"(41.748062093, -87.664592486)"
1/11/12,"(41.78210152, -87.586502002)"
1/9/12,"(41.813012973, -87.699253615)"
4/5/12,"(41.903424516, -87.661945158)"
4/1/12,"(41.900789881, -87.729630867)"
4/8/12,"(41.90908851, -87.669479455)"
1/7/12,"(41.777653026, -87.782866156)"
1/1/12,"(41.7505606, -87.649409369)"
4/5/12,"(41.756330319, -87.552716204)"
4/10/12,"(41.836385231, -87.66571041)"
3/2/12,"(41.882809858, -87.771876815)"
3/1/12,"(41.708280992, -87.642870023)"
1/7/12,"(41.785246261, -87.615747505)"
2/11/12,"(41.688435912, -87.607114977)"
3/10/12,"(41.702737032, -87.535974085)"
1/10/12,"(41.782432685, -87.664290466)"
4/4/12,"(41.939696633, -87.750155646)"
4/2/12,"(41.894900549, -87.682860003)"
1/9/12,"(41.931299875, -87.764491265)"
1/10/12,"(41.749330326, -87.581630568)"
1/7/12,"(41.97855782, -87.836588785)"
2/9/12,"(41.943059957, -87.653189333)"
1/6/12,"(41.784040653, -87.60687678)"
2/10/12,"(41.879955866, -87.680040875)"
3/8/12,"(41.783455232, -87.613274211)"
3/7/12,"(41.847697878, -87.69136154)"
3/3/12,"(41.88705768, -87.647514742)"
3/6/12,"(41.851589468, -87.721570909)"
1/3/12,"(41.927084741, -87.761177303)"
4/9/12,"(41.721719596, -87.55520854)"
3/11/12,"(41.869347731, -87.745780249)"
2/3/12,"(41.869822522, -87.724191109)"
2/5/12,"(41.920883829, -87.759737207)"
1/8/12,"(41.885740288, -87.631590568)"
1/6/12,"(41.999555588, -87.811044348)"
2/1/12,"(41.69143751, -87.621034563)"
3/1/12,"(41.832571089, -87.704685773)"
4/8/12,"(41.764682272, -87.641532544)"
1/6/12,"(41.658325126, -87.63820014)"
3/1/12,"(41.739005004, -87.637638525)"
4/3/12,"(41.754764657, -87.561443041)"
3/4/12,"(41.778909473, -87.650838732)"
4/5/12,"(41.723590485, -87.537075339)"
1/4/12,"(41.763679876, -87.685660592)"
3/2/12,"(41.724763523, -87.627535142)"
2/12/12,"(41.65470253, -87.607556248)"
3/8/12,"(41.724438441, -87.620662857)"
2/6/12,"(41.685351894, -87.619919191)"
1/8/12,"(41.845362, -87.720918238)"
1/6/12,"(41.95025167, -87.78254166)"
3/7/12,"(41.704129016, -87.64886529)"
3/8/12,"(41.953900467, -87.907472601)"
2/3/12,"(41.914066835, -87.712708047)"
1/9/12,"(41.749380641, -87.609554416)"
3/11/12,"(41.88331875, -87.729387738)"
4/4/12,"(41.873920047, -87.684181646)"
1/3/12,"(41.744473697, -87.733926322)"
2/3/12,"(41.803085105, -87.619432573)"
3/9/12,"(41.782423623, -87.667927739)"
2/5/12,"(41.897895128, -87.624096605)"
1/12/12,"(41.880850663, -87.747738626)"
4/7/12,"(41.896822662, -87.746758952)"
2/12/12,"(41.792607382, -87.598103729)"
3/7/12,"(41.946050483, -87.653076678)"
3/1/12,"(41.762821678, -87.561408794)"
2/3/12,"(41.779924998, -87.700727257)"
1/4/12,"(41.920506206, -87.665514018)"
4/7/12,"(41.848850157, -87.735540507)"
4/7/12,"(41.93515768, -87.721158827)"
3/12/12,"(41.874064094, -87.745582842)"
2/3/12,"(41.92439805, -87.794045223)"
2/3/12,"(41.732768803, -87.564677691)"
2/1/12,"(41.789846121, -87.652336186)"
1/4/12,"(41.771170158, -87.659135991)"
2/7/12,"(41.755259245, -87.649014981)"
3/5/12,"(41.768229151, -87.689918373)"
4/2/12,"(41.874411076, -87.63910577)"
1/3/12,"(41.760646744, -87.652784285)"
3/7/12,"(41.938713675, -87.642709031)"
3/12/12,"(41.70126752, -87.628125371)"
4/5/12,"(41.726324111, -87.6372808)"
2/9/12,"(41.742124324, -87.604286161)"
3/2/12,"(41.873510659, -87.720554136)"
3/3/12,"(41.754676733, -87.562653519)"
4/8/12,"(41.751587134, -87.577598669)"
2/8/12,"(41.771676658, -87.572388286)"
1/11/12,"(41.740481863, -87.556341456)"
3/8/12,"(41.782592591, -87.669146944)"
2/12/12,"(41.970189796, -87.716447565)"
3/11/12,"(41.923814571, -87.776441429)"
3/10/12,"(41.810835922, -87.631616404)"
2/10/12,"(41.884013483, -87.627896757)"
4/4/12,"(41.823821752, -87.617815429)"
4/2/12,"(41.96938944, -87.700488807)"
1/12/12,"(41.857892731, -87.660193435)"
4/5/12,"(41.909262367, -87.652769388)"
1/10/12,"(41.765997125, -87.66382344)"
1/2/12,"(42.006589412, -87.671711929)"
1/5/12,"(41.876670128, -87.754026367)"
1/7/12,"(41.91709875, -87.802366329)"
3/11/12,"(41.855959485, -87.71512387)"
3/12/12,"(41.777838294, -87.615566126)"
2/4/12,"(41.910094713, -87.661768725)"
4/1/12,"(41.865147498, -87.625780301)"
3/8/12,"(41.913215448, -87.708535293)"
4/2/12,"(41.893646656, -87.631177143)"
4/2/12,"(41.768788957, -87.625513163)"
4/5/12,"(41.731353901, -87.659285061)"
1/10/12,"(41.744849539, -87.602577051)"
1/5/12,"(41.809066689, -87.59925438)"
4/3/12,"(41.834223635, -87.72672312)"
3/5/12,"(41.992693916, -87.703116242)"
1/5/12,"(41.693879672, -87.612187129)"
3/2/12,"(41.749542415, -87.715273773)"
4/6/12,"(41.964703407, -87.718872126)"
2/3/12,"(41.721205526, -87.628654671)"
1/6/12,"(41.782425451, -87.650929776)"
2/3/12,"(41.688163086, -87.656843793)"
3/7/12,"(41.966226935, -87.686977587)"
1/11/12,"(41.96227234, -87.667732708)"
3/3/12,"(41.884089306, -87.635365414)"
1/8/12,"(41.836384555, -87.727987073)"
3/9/12,"(41.684160442, -87.66269195)"
3/1/12,"(42.020537666, -87.666422486)"
4/9/12,"(41.738821768, -87.640923472)"
1/1/12,"(41.771177146, -87.637298335)"
2/1/12,"(41.695244583, -87.62916148)"
1/1/12,"(41.796088115, -87.687765815)"
4/8/12,"(41.764296485, -87.562802322)"
3/5/12,"(41.881181355, -87.685158391)"
3/3/12,"(41.967631956, -87.76200601)"
3/5/12,"(41.854313474, -87.713697168)"
4/2/12,"(41.900438815, -87.753635264)"
1/1/12,"(41.957832545, -87.729335433)"
2/2/12,"(41.75762332, -87.610235141)"
1/12/12,"(41.933924777, -87.774842987)"
3/8/12,"(41.70728151, -87.615901033)"
4/6/12,"(41.779215566, -87.686673851)"
2/4/12,"(41.958184528, -87.732611614)"
3/8/12,"(41.786945223, -87.615787227)"
2/1/12,"(41.758625799, -87.601262593)"
3/6/12,"(41.802111489, -87.606401292)"
2/2/12,"(41.816598406, -87.619069744)"
2/8/12,"(41.71196086, -87.640545242)"
3/9/12,"(41.98287878, -87.791440835)"
4/9/12,"(41.921199457, -87.759745403)"
3/8/12,"(41.880748488, -87.723881711)"
1/1/12,"(41.887482516, -87.645134084)"
2/7/12,"(41.875475201, -87.754881679)"
2/7/12,"(41.799675992, -87.650460721)"
3/2/12,"(41.885358666, -87.736918975)"
3/3/12,"(41.882526427, -87.624384106)"
1/9/12,"(41.912433229, -87.669393362)"
3/3/12,"(41.904818527, -87.723935708)"
2/5/12,"(41.820818801, -87.702944371)"
3/11/12,"(41.924086617, -87.715363238)"
1/5/12,"(41.904522401, -87.773016431)"
3/4/12,"(41.691363568, -87.649062878)"
3/4/12,"(41.740270316, -87.561191614)"
2/9/12,"(41.726302526, -87.628785805)"
4/4/12,"(41.891978054, -87.76345198)"
2/5/12,"(41.771524452, -87.582203652)"
3/2/12,"(41.891404732, -87.628061509)"
3/3/12,"(41.750677723, -87.593034044)"
4/1/12,"(41.914301481, -87.728915703)"
4/6/12,"(41.769185486, -87.625732415)"
3/11/12,"(41.944883765, -87.747031722)"
4/3/12,"(41.833595307, -87.641304672)"
3/5/12,"(41.762365054, -87.683177697)"
1/8/12,"(41.856710483, -87.679282732)"
3/9/12,"(41.875037344, -87.743789427)"
1/3/12,"(41.802608958, -87.652659518)"
1/9/12,"(41.753339004, -87.665941353)"
1/9/12,"(41.735225501, -87.644373119)"
3/12/12,"(41.931502412, -87.668368757)"
1/11/12,"(41.771983943, -87.68271398)"
3/10/12,"(41.707359902, -87.541340728)"
1/9/12,"(41.777835813, -87.600395232)"
4/9/12,"(41.869292076, -87.691788034)"
1/3/12,"(41.942681245, -87.65133714)"
3/7/12,"(41.906615694, -87.733782272)"
2/7/12,"(41.755273181, -87.64171789)"
4/3/12,"(41.978567689, -87.697308633)"
1/5/12,"(41.912258647, -87.756985503)"
4/4/12,"(41.946221444, -87.708253555)"
3/3/12,"(41.735834968, -87.580545911)"
1/5/12,"(41.917698324, -87.738804128)"
2/1/12,"(41.76948433, -87.656660917)"
1/6/12,"(41.820248497, -87.616020877)"
4/4/12,"(41.899921712, -87.720121704)"
1/9/12,"(41.748644326, -87.606378164)"
3/9/12,"(41.939610126, -87.737053245)"
3/1/12,"(41.847474633, -87.723412196)"
2/9/12,"(41.851430749, -87.724754706)"
4/4/12,"(41.894882947, -87.761541936)"
3/4/12,"(41.876862373, -87.743809373)"
4/9/12,"(41.759500771, -87.61994884)"
4/4/12,"(41.764584136, -87.643010792)"
1/5/12,"(41.769897097, -87.661528424)"
1/4/12,"(41.737256346, -87.648513649)"
4/3/12,"(41.929104501, -87.697531954)"
4/9/12,"(41.905266156, -87.765765707)"
2/3/12,"(41.802188005, -87.604185177)"
4/4/12,"(41.877565688, -87.684893829)"
2/11/12,"(41.904012945, -87.706825025)"
1/2/12,"(41.872904542, -87.758301167)"
3/12/12,"(41.899456567, -87.767984346)"
2/4/12,"(41.883612322, -87.706837078)"
3/12/12,"(41.768788957, -87.625513163)"
2/5/12,"(41.910342683, -87.727568018)"
3/8/12,"(41.749317455, -87.577159884)"
2/9/12,"(41.793074305, -87.692563315)"
2/2/12,"(41.65291016, -87.536255925)"
3/11/12,"(41.814736354, -87.622377275)"
2/10/12,"(41.914463402, -87.72891785)"
3/4/12,"(41.755144867, -87.58405489)"
1/4/12,"(41.995462301, -87.666121505)"
4/1/12,"(41.862951657, -87.7064808)"
2/10/12,"(41.684779669, -87.64214387)"
2/3/12,"(41.987207036, -87.743152879)"
2/12/12,"(41.787609455, -87.648630717)"
1/7/12,"(41.762445101, -87.64555183)"
2/2/12,"(41.779183752, -87.688826305)"
3/1/12,"(41.880717825, -87.726382723)"
2/1/12,"(41.792210513, -87.624023407)"
1/1/12,"(42.004834752, -87.700718975)"
1/1/12,"(41.78074797, -87.769160257)"
1/2/12,"(41.926523588, -87.634050522)"
1/2/12,"(41.809125265, -87.631906508)"
3/7/12,"(41.814539325, -87.606678967)"
2/3/12,"(41.714930554, -87.562187228)"
4/9/12,"(41.753518816, -87.658668397)"
3/8/12,"(41.956134897, -87.667965692)"
1/11/12,"(41.936944613, -87.669863221)"
3/9/12,"(41.910102898, -87.707922729)"
3/8/12,"(41.947280223, -87.652207109)"
1/1/12,"(41.858195058, -87.704827656)"
2/7/12,"(41.773959279, -87.668238861)"
3/5/12,"(41.76680404, -87.605619683)"
4/9/12,"(41.854644023, -87.705335936)"
3/4/12,"(41.900209759, -87.695420043)"
4/8/12,"(41.919002999, -87.786525206)"
2/9/12,"(41.866859553, -87.667012497)"
4/7/12,"(41.917907039, -87.727805123)"
1/6/12,"(41.881946503, -87.734079045)"
3/11/12,"(41.996897899, -87.685350306)"
2/3/12,"(41.909529826, -87.70700253)"
1/12/12,"(41.764727452, -87.564457634)"
1/1/12,"(41.779359134, -87.600432881)"
3/9/12,"(41.894945606, -87.754874977)"
2/2/12,"(41.968596475, -87.774536564)"
4/1/12,"(41.722293683, -87.552454304)"
4/4/12,"(41.751928332, -87.644077264)"
2/12/12,"(41.763692026, -87.597008079)"
4/7/12,"(41.852541515, -87.653220514)"
1/8/12,"(41.919361313, -87.756010356)"
2/5/12,"(41.91009577, -87.756902092)"
2/7/12,"(41.779040428, -87.698572821)"
3/2/12,"(41.894862353, -87.764025029)"
2/2/12,"(41.760941958, -87.640649068)"
2/7/12,"(41.881058221, -87.697990118)"
3/6/12,"(41.869447309, -87.744861466)"
3/11/12,"(41.885906592, -87.701342749)"
2/3/12,"(41.686423485, -87.608287179)"
1/12/12,"(41.883219258, -87.626818503)"
2/12/12,"(41.697088837, -87.659848026)"
1/8/12,"(41.933542629, -87.791884378)"
2/5/12,"(41.865180867, -87.711690542)"
3/1/12,"(41.904850889, -87.770603732)"
2/8/12,"(41.691474365, -87.642354129)"
4/3/12,"(41.873935958, -87.755483038)"
1/1/12,"(41.983449123, -87.671491808)"
2/6/12,"(41.746886822, -87.702312284)"
3/8/12,"(41.883319271, -87.729486885)"
4/9/12,"(41.87134645, -87.627514689)"
3/1/12,"(41.79847008, -87.708598576)"
1/10/12,"(41.880386156, -87.754088279)"
2/6/12,"(41.716215734, -87.603062669)"
1/1/12,"(41.959117073, -87.728337966)"
4/6/12,"(41.837983285, -87.650919666)"
3/10/12,"(41.876488439, -87.624278264)"
3/12/12,"(41.923764455, -87.779697562)"
2/7/12,"(41.766264384, -87.57355192)"
3/11/12,"(41.716890359, -87.640660792)"
3/8/12,"(42.00711743, -87.670006581)"
3/7/12,"(41.801042303, -87.690837197)"
1/8/12,"(41.793233301, -87.794049652)"
4/5/12,"(41.981356017, -87.8080301)"
1/10/12,"(41.844685324, -87.69541772)"
1/11/12,"(41.909494897, -87.756378474)"
1/11/12,"(41.959272341, -87.71626242)"
1/9/12,"(41.911754839, -87.778952681)"
1/6/12,"(41.880717961, -87.726408427)"
4/7/12,"(41.695799448, -87.620785048)"
3/1/12,"(41.933323018, -87.679566382)"
4/7/12,"(41.744177896, -87.662067759)"
3/9/12,"(41.779201903, -87.68766023)"
1/9/12,"(41.877252943, -87.696188173)"
3/2/12,"(41.983166264, -87.689796508)"
1/6/12,"(41.761086517, -87.586199606)"
1/3/12,"(41.777224371, -87.758108149)"
3/1/12,"(41.74953359, -87.556492499)"
2/7/12,"(41.79171528, -87.767153565)"
2/11/12,"(41.860066636, -87.710367144)"
4/3/12,"(41.878630716, -87.636673298)"
2/4/12,"(41.931594464, -87.794267588)"
2/8/12,"(41.989243623, -87.665119726)"
4/2/12,"(41.888993854, -87.626934833)"
1/2/12,"(41.778324321, -87.747686071)"
1/7/12,"(41.922450893, -87.632206293)"
2/6/12,"(41.809451703, -87.697909548)"
3/4/12,"(41.88221489, -87.677722731)"
4/5/12,"(41.702159546, -87.62814492)"
2/4/12,"(41.945039683, -87.654774622)"
3/1/12,"(41.877556848, -87.755725816)"
3/4/12,"(41.90202757, -87.731206096)"
1/10/12,"(41.961785184, -87.73845697)"
2/5/12,"(41.905573245, -87.638419281)"
3/6/12,"(41.811361879, -87.605878541)"
2/7/12,"(41.904787917, -87.693093224)"
3/11/12,"(41.775748418, -87.670588697)"
2/3/12,"(41.952042582, -87.649630848)"
2/11/12,"(41.814856528, -87.669991247)"
4/2/12,"(41.818109754, -87.644560333)"
3/7/12,"(41.790103567, -87.69034506)"
2/8/12,"(41.926328713, -87.649997341)"
3/1/12,"(41.720900259, -87.5545774)"
2/7/12,"(41.765265227, -87.609210963)"
4/6/12,"(41.769477995, -87.666371618)"
3/6/12,"(41.840725929, -87.645128882)"
2/1/12,"(41.783939635, -87.612623471)"
1/11/12,"(41.882526427, -87.624384106)"
1/10/12,"(41.754592961, -87.741528537)"
3/7/12,"(41.79254441, -87.615922804)"
1/10/12,"(41.785951536, -87.658306475)"
1/11/12,"(41.761910257, -87.574959462)"
3/4/12,"(41.904685949, -87.726365155)"
4/3/12,"(41.772676017, -87.568321936)"
1/11/12,"(41.762362104, -87.664968171)"
3/8/12,"(41.65364899, -87.614590067)"
2/8/12,"(41.979006297, -87.906463155)"
2/3/12,"(41.912680251, -87.708522142)"
3/6/12,"(41.749899475, -87.663426378)"
2/2/12,"(41.793122759, -87.670629773)"
4/4/12,"(41.731549891, -87.658077682)"
1/4/12,"(41.881890812, -87.721436189)"
1/1/12,"(41.888839898, -87.714898764)"
1/12/12,"(41.8762118, -87.641006667)"
1/2/12,"(41.996481357, -87.687399931)"
4/8/12,"(41.705947689, -87.560855356)"
2/1/12,"(41.972451749, -87.652950271)"
2/2/12,"(41.939444419, -87.689596768)"
3/10/12,"(41.949653627, -87.807158228)"
4/7/12,"(41.895877613, -87.706566627)"
3/10/12,"(41.842798092, -87.660454431)"
3/11/12,"(41.824937667, -87.6216297)"
3/11/12,"(41.900995599, -87.670400798)"
3/7/12,"(41.883210775, -87.629906972)"
4/3/12,"(41.880747185, -87.724153461)"
1/9/12,"(41.755441497, -87.640502977)"
2/3/12,"(41.898082792, -87.641361855)"
1/1/12,"(41.749453338, -87.656138395)"
3/6/12,"(41.814740298, -87.622127784)"
3/10/12,"(41.895865841, -87.731032579)"
3/4/12,"(41.891801324, -87.76655704)"
1/11/12,"(41.917097377, -87.636339593)"
3/1/12,"(41.9411554, -87.643061268)"
1/8/12,"(41.866944067, -87.659859854)"
2/6/12,"(41.756617188, -87.562688944)"
2/8/12,"(41.793914018, -87.674604165)"
4/7/12,"(41.756732338, -87.563900695)"
2/5/12,"(41.894231197, -87.72237621)"
2/6/12,"(42.002054516, -87.670500663)"
2/11/12,"(41.884814849, -87.749108944)"
1/1/12,"(41.812373584, -87.604432822)"
1/1/12,"(41.904009022, -87.760185823)"
2/2/12,"(41.691640675, -87.626381549)"
2/9/12,"(41.75621255, -87.610203332)"
2/8/12,"(41.974473519, -87.809826125)"
1/7/12,"(41.942230567, -87.670440637)"
4/9/12,"(41.733226633, -87.544364336)"
3/6/12,"(41.705798142, -87.658241009)"
4/4/12,"(41.846085023, -87.657531586)"
2/7/12,"(41.905154135, -87.721507987)"
3/1/12,"(41.790348356, -87.767099588)"
3/9/12,"(41.752133217, -87.64163799)"
1/1/12,"(41.943634079, -87.648209964)"
3/9/12,"(41.765882176, -87.57385334)"
4/5/12,"(41.778751492, -87.781305912)"
2/2/12,"(41.873935958, -87.755483038)"
1/4/12,"(41.905266156, -87.765765707)"
4/7/12,"(41.936313481, -87.808252884)"
4/2/12,"(41.851794306, -87.703117482)"
3/9/12,"(41.892380707, -87.634636086)"
3/4/12,"(41.74799138, -87.641524877)"
3/8/12,"(41.761042853, -87.663684347)"
1/10/12,"(41.964757111, -87.713547384)"
3/4/12,"(41.941333176, -87.765129867)"
1/10/12,"(41.719751863, -87.567865747)"
4/3/12,"(41.905833996, -87.638427474)"
3/6/12,"(41.677167326, -87.632250389)"
1/9/12,"(41.809669669, -87.594427666)"
2/10/12,"(41.949030043, -87.759477598)"
4/5/12,"(41.864308475, -87.658268521)"
2/11/12,"(41.881088655, -87.720764494)"
4/9/12,"(41.872118081, -87.713165416)"
3/10/12,"(41.858530159, -87.713975828)"
4/3/12,"(41.874121485, -87.743930027)"
1/1/12,"(41.940007141, -87.647443851)"
4/3/12,"(41.880990522, -87.70463737)"
1/9/12,"(41.876121224, -87.641003973)"
1/9/12,"(41.970812707, -87.707318173)"
3/9/12,"(41.758670033, -87.555781234)"
1/8/12,"(41.793087778, -87.682269572)"
2/7/12,"(41.98287878, -87.791440835)"
3/7/12,"(41.961820579, -87.651541199)"
1/4/12,"(41.913157898, -87.805911332)"
4/1/12,"(41.762575466, -87.570564178)"
2/5/12,"(41.753252094, -87.646536874)"
3/2/12,"(41.769866853, -87.645747491)"
3/10/12,"(41.676787248, -87.540020864)"
1/12/12,"(41.994203085, -87.717757081)"
4/9/12,"(41.909262448, -87.774859625)"
4/6/12,"(41.714315089, -87.57319712)"
3/5/12,"(41.862897867, -87.711224399)"
3/12/12,"(41.77912812, -87.692617843)"
3/6/12,"(41.776529521, -87.703081318)"
3/9/12,"(41.853930752, -87.623841071)"
1/6/12,"(41.88997422, -87.715075128)"
3/10/12,"(41.903040701, -87.766902134)"
3/9/12,"(41.795167411, -87.646364606)"
2/6/12,"(41.902522915, -87.63140683)"
3/9/12,"(41.96055619, -87.71312483)"
1/7/12,"(41.932222582, -87.683432779)"
4/6/12,"(41.806881876, -87.750474092)"
3/4/12,"(41.890081681, -87.768430612)"
3/2/12,"(41.89946203, -87.756938965)"
4/8/12,"(41.998317551, -87.687458618)"
2/1/12,"(41.735931109, -87.653642482)"
3/2/12,"(41.732809973, -87.554085507)"
1/8/12,"(41.713447993, -87.663171386)"
4/3/12,"(41.880399914, -87.753008553)"
3/1/12,"(41.658182943, -87.61332106)"
3/8/12,"(41.786573963, -87.642521936)"
2/9/12,"(41.932623995, -87.654630603)"
3/12/12,"(41.881744562, -87.750833465)"
2/1/12,"(41.81600455, -87.619777011)"
1/4/12,"(41.892442732, -87.666294912)"
1/3/12,"(42.006397472, -87.682781392)"
3/7/12,"(41.703776493, -87.563243354)"
4/5/12,"(41.966284551, -87.66398817)"
2/2/12,"(41.904814739, -87.769388116)"
3/1/12,"(41.778602094, -87.605240672)"
4/8/12,"(41.659133631, -87.609134976)"
4/1/12,"(41.908563481, -87.628802119)"
1/2/12,"(41.721843846, -87.585071938)"
2/2/12,"(41.918711651, -87.76551063)"
3/5/12,"(41.880487595, -87.745964635)"
2/11/12,"(41.872871925, -87.696962349)"
1/5/12,"(41.745864284, -87.654827602)"
4/4/12,"(41.746692325, -87.665002465)"
4/7/12,"(41.925764201, -87.649209628)"
3/11/12,"(41.917080999, -87.733026643)"
2/8/12,"(41.909943001, -87.764236387)"
2/3/12,"(41.839585654, -87.732936793)"
2/12/12,"(41.732410243, -87.58393082)"
2/9/12,"(41.697958905, -87.630984694)"
1/5/12,"(41.761294967, -87.616769475)"
1/2/12,"(41.76040078, -87.710034558)"
2/7/12,"(41.939915886, -87.825160181)"
1/3/12,"(41.748848835, -87.68893193)"
1/2/12,"(41.899586853, -87.720110215)"
3/5/12,"(41.87424895, -87.734092207)"
2/1/12,"(41.697253185, -87.637682237)"
2/2/12,"(41.868180939, -87.709271389)"
2/3/12,"(41.933137132, -87.763107789)"
4/2/12,"(41.953587683, -87.733081234)"
4/4/12,"(41.847372055, -87.70389126)"
2/5/12,"(41.795991039, -87.630542489)"
1/1/12,"(41.767140707, -87.636462214)"
3/6/12,"(41.906307434, -87.723190503)"
3/6/12,"(41.760447239, -87.681804257)"
2/4/12,"(41.835505575, -87.645001335)"
4/1/12,"(41.766837163, -87.575095717)"
1/10/12,"(41.757836524, -87.621524942)"
3/12/12,"(41.910725105, -87.706781436)"
1/3/12,"(41.953900467, -87.907472601)"
1/6/12,"(41.762419957, -87.683180808)"
4/1/12,"(41.845456341, -87.722143156)"
3/1/12,"(41.891397078, -87.744571893)"
1/11/12,"(41.793935909, -87.625680278)"
4/2/12,"(41.895560955, -87.705868184)"
1/11/12,"(41.751164599, -87.612198632)"
1/4/12,"(41.733220568, -87.552717647)"
2/2/12,"(41.902008123, -87.774592242)"
3/10/12,"(41.890812201, -87.631681964)"
2/7/12,"(41.751708436, -87.568145845)"
3/4/12,"(41.859809525, -87.705483628)"
1/3/12,"(41.873806289, -87.694728011)"
2/8/12,"(41.772854092, -87.588742874)"
4/5/12,"(41.831594778, -87.651868162)"
1/1/12,"(41.794644408, -87.582524181)"
3/5/12,"(41.76143238, -87.590868863)"
1/11/12,"(41.992308578, -87.658966589)"
4/9/12,"(41.743090116, -87.619551568)"
3/9/12,"(41.995366855, -87.684902319)"
2/5/12,"(41.863749929, -87.716561346)"
2/11/12,"(41.876107394, -87.731056572)"
1/8/12,"(41.783379201, -87.605996939)"
1/5/12,"(41.749682678, -87.583055667)"
4/9/12,"(41.778321993, -87.586402872)"
2/12/12,"(41.933814849, -87.751598448)"
2/6/12,"(41.861530401, -87.731149332)"
3/10/12,"(41.910891137, -87.692117447)"
1/8/12,"(41.869047845, -87.624125523)"
3/9/12,"(41.9116839, -87.745917518)"
3/3/12,"(41.780542283, -87.669091108)"
1/4/12,"(41.777309867, -87.640802922)"
3/6/12,"(41.703786538, -87.605199138)"
2/7/12,"(41.675427823, -87.641830308)"
4/10/12,"(41.755185705, -87.580646009)"
4/9/12,"(41.86014601, -87.726213876)"
3/9/12,"(41.865393661, -87.722709581)"
3/6/12,"(41.92933468, -87.644202999)"
1/1/12,"(41.762260854, -87.692965274)"
4/5/12,"(41.916844096, -87.753681554)"
1/10/12,"(41.925284057, -87.658967358)"
2/7/12,"(41.896309662, -87.733511373)"
4/10/12,"(41.779112173, -87.693695901)"
1/9/12,"(41.734529924, -87.559662966)"
1/5/12,"(41.906142039, -87.735572068)"
4/4/12,"(41.899705666, -87.698047737)"
4/8/12,"(41.711168457, -87.665700186)"
3/2/12,"(41.724510728, -87.643297055)"
3/10/12,"(41.749445288, -87.605885396)"
4/7/12,"(41.685452129, -87.61048736)"
1/8/12,"(41.93268142, -87.797249979)"
3/4/12,"(41.778729109, -87.683628374)"
3/12/12,"(41.978594147, -87.693181938)"
2/5/12,"(41.878433338, -87.758126757)"
4/2/12,"(41.809318865, -87.620559144)"
3/9/12,"(41.794327111, -87.707252612)"
2/12/12,"(41.873620574, -87.711392136)"
3/7/12,"(41.671721454, -87.628480897)"
1/1/12,"(41.887822301, -87.754480176)"
3/8/12,"(42.0170322, -87.670963383)"
4/6/12,"(41.891404732, -87.628061509)"
2/2/12,"(41.872819179, -87.701824172)"
1/8/12,"(41.970395249, -87.689395545)"
3/7/12,"(41.841869335, -87.709842734)"
4/9/12,"(42.00167049, -87.673863642)"
3/7/12,"(41.723674279, -87.607747657)"
2/1/12,"(41.957540815, -87.711190798)"
3/2/12,"(41.703602205, -87.535285923)"
4/3/12,"(41.962685154, -87.655738273)"
1/6/12,"(41.991704561, -87.67403274)"
4/4/12,"(41.789939218, -87.781715977)"
3/1/12,"(41.76182216, -87.590882696)"
4/2/12,"(41.965845155, -87.713286801)"
4/7/12,"(41.776163991, -87.610705149)"
1/6/12,"(41.881086801, -87.757533776)"
3/11/12,"(41.701788975, -87.541346841)"
2/6/12,"(41.830954079, -87.630703226)"
4/2/12,"(41.756161959, -87.626326287)"
3/1/12,"(41.777575141, -87.637471128)"
1/8/12,"(41.971065944, -87.710993008)"
3/5/12,"(41.754172384, -87.552581097)"
1/7/12,"(41.764209513, -87.683228721)"
3/12/12,"(41.682225674, -87.672640177)"
3/2/12,"(41.692041778, -87.665923635)"
1/7/12,"(41.897956775, -87.723718119)"
2/1/12,"(41.979522329, -87.690840917)"
4/6/12,"(41.906242849, -87.633000828)"
4/7/12,"(41.941356327, -87.717464363)"
2/6/12,"(41.765356327, -87.673547448)"
4/1/12,"(41.786513592, -87.642522584)"
2/10/12,"(41.727906315, -87.65310796)"
3/7/12,"(41.653745791, -87.599937561)"
2/1/12,"(41.755422288, -87.640503184)"
2/7/12,"(41.697192014, -87.635288168)"
2/4/12,"(41.894387944, -87.658701135)"
4/7/12,"(41.890547945, -87.653445526)"
1/2/12,"(41.737264151, -87.560612084)"
4/3/12,"(41.934519571, -87.650350938)"
3/9/12,"(41.9764212, -87.904976266)"
2/5/12,"(41.848626311, -87.675511281)"
4/2/12,"(41.913159521, -87.700328149)"
4/3/12,"(41.662422869, -87.549544037)"
2/3/12,"(41.754359625, -87.576045209)"
1/10/12,"(41.807650669, -87.643080489)"
1/12/12,"(41.910676878, -87.697013153)"
1/9/12,"(41.750775808, -87.63455036)"
3/10/12,"(41.953443342, -87.744957048)"
2/5/12,"(41.948370261, -87.714349443)"
3/6/12,"(41.780376517, -87.630170387)"
1/9/12,"(41.880152185, -87.638676422)"
3/3/12,"(41.80462016, -87.684368169)"
3/3/12,"(41.65470253, -87.607556248)"
3/1/12,"(41.756650207, -87.561475423)"
4/6/12,"(41.93837878, -87.781680875)"
1/2/12,"(41.741678528, -87.55150863)"
4/10/12,"(41.783457423, -87.602754811)"
2/8/12,"(41.780509717, -87.642627358)"
2/6/12,"(41.840205468, -87.718339822)"
2/10/12,"(41.788964686, -87.723046742)"
3/11/12,"(41.854963672, -87.627133239)"
3/9/12,"(41.924283253, -87.796486146)"
2/7/12,"(41.896083132, -87.629765732)"
1/3/12,"(41.747321345, -87.59174239)"
3/7/12,"(41.852577345, -87.712355832)"
2/1/12,"(41.750832464, -87.605224746)"
3/6/12,"(41.910778977, -87.699098886)"
1/8/12,"(41.936335635, -87.650710119)"
1/7/12,"(41.786226493, -87.654669864)"
2/9/12,"(41.72008623, -87.673556523)"
1/11/12,"(41.764938794, -87.614038446)"
4/6/12,"(41.827797157, -87.631434876)"
3/6/12,"(41.774425321, -87.600928979)"
3/7/12,"(41.823798151, -87.619756522)"
2/6/12,"(41.785748648, -87.692357595)"
1/2/12,"(41.804902058, -87.624345579)"
2/2/12,"(41.802467788, -87.716591915)"
3/6/12,"(41.712980987, -87.551061724)"
4/9/12,"(41.959614184, -87.679845531)"
2/4/12,"(41.906570698, -87.728863727)"
4/8/12,"(41.898990504, -87.748351639)"
4/5/12,"(41.767087662, -87.639941476)"
1/5/12,"(41.770969165, -87.586268228)"
2/2/12,"(41.69006147, -87.618201285)"
3/2/12,"(41.78210152, -87.586502002)"
1/5/12,"(41.945175601, -87.668153174)"
1/7/12,"(41.846041032, -87.727352869)"
4/6/12,"(41.938150856, -87.639480736)"
4/3/12,"(41.932965918, -87.727012211)"
2/1/12,"(41.902370789, -87.745007403)"
1/7/12,"(41.790812326, -87.697378601)"
4/4/12,"(41.776248518, -87.605835547)"
2/11/12,"(41.965389556, -87.658298213)"
3/7/12,"(41.945347682, -87.766737323)"
2/1/12,"(41.891829177, -87.71301151)"
1/7/12,"(41.878981951, -87.69869001)"
2/7/12,"(41.871191211, -87.625922932)"
4/2/12,"(41.687438474, -87.700671253)"
3/6/12,"(41.691583891, -87.630995465)"
3/8/12,"(41.754168689, -87.601635756)"
4/7/12,"(41.725472899, -87.565680476)"
4/2/12,"(41.684849208, -87.659397251)"
3/9/12,"(41.879694646, -87.731155083)"
3/8/12,"(41.896888586, -87.628203192)"
1/10/12,"(41.713821782, -87.63695788)"
1/11/12,"(41.88233367, -87.627841791)"
1/2/12,"(41.721878401, -87.614998746)"
2/8/12,"(41.938064681, -87.740676904)"
1/7/12,"(41.956195731, -87.708082566)"
4/1/12,"(41.981729156, -87.692893082)"
4/8/12,"(41.813141685, -87.701695411)"
1/4/12,"(41.749114344, -87.577154938)"
4/4/12,"(41.707112183, -87.627556114)"
4/4/12,"(41.776590618, -87.676269937)"
3/2/12,"(41.799192941, -87.587774235)"
4/1/12,"(41.985387888, -87.700444412)"
1/7/12,"(41.898767916, -87.624116333)"
2/11/12,"(41.921096539, -87.77561994)"
3/6/12,"(41.731312439, -87.595366673)"
2/12/12,"(41.837710451, -87.618251554)"
3/11/12,"(41.755399883, -87.563271576)"
1/4/12,"(41.909895889, -87.725588389)"
3/4/12,"(41.940871665, -87.727984861)"
4/2/12,"(41.91088346, -87.717794114)"
1/9/12,"(41.941821405, -87.690664522)"
1/8/12,"(41.879749988, -87.726549781)"
1/12/12,"(41.891907536, -87.765281648)"
2/12/12,"(41.885384381, -87.629486511)"
3/8/12,"(41.884497529, -87.625838595)"
3/12/12,"(41.774370886, -87.607051897)"
2/10/12,"(41.690141313, -87.637465963)"
3/2/12,"(41.7505606, -87.649409369)"
4/6/12,"(41.809092555, -87.632842212)"
3/5/12,"(41.883491986, -87.753957403)"
2/3/12,"(41.688727452, -87.605914492)"
1/5/12,"(41.790591567, -87.650318794)"
1/12/12,"(41.876729467, -87.723093719)"
3/4/12,"(41.917443653, -87.74745197)"
4/8/12,"(41.885490396, -87.726444052)"
1/2/12,"(41.750682777, -87.613699222)"
4/1/12,"(41.750433336, -87.607636954)"
3/5/12,"(41.758101926, -87.563928316)"
3/8/12,"(41.749500737, -87.667062179)"
1/11/12,"(41.908533952, -87.726475653)"
4/1/12,"(41.693451522, -87.626760819)"
4/9/12,"(41.892123482, -87.75794518)"
2/4/12,"(41.837278413, -87.666405698)"
3/11/12,"(41.895790829, -87.762000308)"
2/10/12,"(41.767720172, -87.667537182)"
4/9/12,"(41.87531818, -87.721407092)"
2/6/12,"(41.7943228, -87.624781229)"
3/3/12,"(41.747966243, -87.658524987)"
4/4/12,"(41.993892087, -87.660388215)"
2/11/12,"(41.962004259, -87.654752754)"
1/12/12,"(41.809504436, -87.608551557)"
1/8/12,"(41.897561962, -87.711501488)"
2/1/12,"(41.747664827, -87.654874605)"
2/6/12,"(41.990916715, -87.716442431)"
1/11/12,"(41.922751559, -87.647455989)"
2/2/12,"(41.807650669, -87.643080489)"
2/10/12,"(41.757072843, -87.666686994)"
2/5/12,"(41.95615593, -87.730921112)"
2/4/12,"(41.84931381, -87.705178863)"
3/7/12,"(41.697922901, -87.67544552)"
3/11/12,"(41.917130084, -87.7293042)"
2/2/12,"(41.816321863, -87.631189677)"
4/5/12,"(41.871908177, -87.701840483)"
3/2/12,"(41.876607964, -87.627644063)"
3/12/12,"(41.903879295, -87.695508415)"
1/11/12,"(41.909386568, -87.764920978)"
3/5/12,"(41.702612409, -87.624584199)"
3/4/12,"(41.678642633, -87.622680184)"
1/1/12,"(41.942351064, -87.649344776)"
4/10/12,"(41.909304522, -87.771670424)"
4/6/12,"(41.86569017, -87.684690773)"
1/11/12,"(41.690918917, -87.656932081)"
4/8/12,"(41.76413871, -87.719242708)"
4/4/12,"(41.965412549, -87.656610234)"
2/2/12,"(41.738508319, -87.561168753)"
1/10/12,"(41.877268465, -87.711536692)"
2/3/12,"(41.795088887, -87.667044968)"
1/11/12,"(41.99439018, -87.727650868)"
2/7/12,"(41.960261814, -87.783529059)"
3/12/12,"(41.681017397, -87.626388015)"
3/2/12,"(41.702684248, -87.525274478)"
2/6/12,"(41.909548179, -87.711895828)"
3/4/12,"(41.722854305, -87.605668906)"
1/4/12,"(41.906807192, -87.719130062)"
4/8/12,"(41.955965816, -87.722467073)"
3/12/12,"(41.979006297, -87.906463155)"
3/3/12,"(41.948757629, -87.81774156)"
3/7/12,"(41.866216769, -87.621623622)"
4/9/12,"(41.735054665, -87.544411576)"
3/10/12,"(41.88065335, -87.731862147)"
4/4/12,"(41.827716548, -87.694749654)"
2/7/12,"(41.755129891, -87.652648327)"
4/6/12,"(41.906088123, -87.642796276)"
3/2/12,"(41.869491903, -87.710642788)"
1/10/12,"(41.760660824, -87.649148188)"
4/2/12,"(41.673548279, -87.616795523)"
2/4/12,"(41.757195137, -87.564573204)"
1/5/12,"(41.712933623, -87.680606851)"
1/4/12,"(41.855524939, -87.6978538)"
4/9/12,"(41.669415409, -87.559257257)"
2/4/12,"(41.883090953, -87.650520679)"
1/9/12,"(41.884373312, -87.751327389)"
2/1/12,"(42.007891717, -87.666764317)"
2/8/12,"(41.740901519, -87.639941123)"
3/11/12,"(41.891062111, -87.617043461)"
2/1/12,"(41.775361565, -87.759869866)"
2/2/12,"(41.773414304, -87.709032408)"
1/2/12,"(41.816397665, -87.632817639)"
1/4/12,"(41.878638996, -87.627691486)"
2/10/12,"(41.719188563, -87.654196215)"
4/1/12,"(41.876166158, -87.726580011)"
4/3/12,"(41.81233556, -87.599323435)"
1/7/12,"(41.688303147, -87.610869156)"
1/7/12,"(41.976028796, -87.842595585)"
3/7/12,"(41.869137185, -87.744856967)"
1/1/12,"(42.015609434, -87.684188906)"
2/4/12,"(41.785438415, -87.60442266)"
1/5/12,"(41.838916012, -87.623250984)"
4/7/12,"(41.930093461, -87.716334252)"
2/3/12,"(41.93804827, -87.656778337)"
3/7/12,"(41.852239702, -87.671550497)"
4/7/12,"(41.91911949, -87.644919182)"
2/3/12,"(41.849253705, -87.702724002)"
4/7/12,"(41.743454395, -87.57738991)"
1/4/12,"(42.016906591, -87.675365909)"
2/9/12,"(41.998348963, -87.706993175)"
2/4/12,"(42.018496028, -87.675942011)"
3/4/12,"(41.91782206, -87.731476509)"
3/3/12,"(41.903203654, -87.691959272)"
3/10/12,"(41.893657639, -87.713159097)"
3/11/12,"(41.794759204, -87.585397931)"
2/11/12,"(41.734824676, -87.554141757)"
4/8/12,"(41.88454578, -87.737334166)"
2/2/12,"(42.01224271, -87.686688529)"
2/7/12,"(41.783299299, -87.607248137)"
3/8/12,"(41.911281266, -87.699115957)"
2/2/12,"(41.745079376, -87.605062559)"
1/9/12,"(41.691783346, -87.681622555)"
4/6/12,"(41.983644399, -87.658837346)"
3/10/12,"(41.858264122, -87.727380651)"
4/9/12,"(41.687789474, -87.669009988)"
3/9/12,"(41.973339203, -87.653132052)"
4/6/12,"(41.728954658, -87.576735647)"
4/3/12,"(41.810453067, -87.593347577)"
2/5/12,"(41.904628748, -87.710051684)"
1/11/12,"(41.735829412, -87.725107177)"
3/9/12,"(41.885487535, -87.726422045)"
3/11/12,"(41.995274884, -87.787502471)"
2/8/12,"(41.928721641, -87.672495127)"
4/9/12,"(41.904370109, -87.631460067)"
3/7/12,"(41.888309133, -87.765140918)"
1/4/12,"(41.757204493, -87.646637674)"
1/3/12,"(41.946019562, -87.805805979)"
1/1/12,"(41.759578644, -87.56315198)"
2/9/12,"(41.986332562, -87.666154315)"
2/5/12,"(41.961209001, -87.704992887)"
2/10/12,"(41.757559995, -87.557612516)"
4/7/12,"(41.719137839, -87.549247181)"
1/4/12,"(41.712186164, -87.615110331)"
1/6/12,"(41.930555163, -87.725723071)"
2/1/12,"(41.725898464, -87.657928055)"
4/3/12,"(41.695513423, -87.611015486)"
1/7/12,"(41.735816901, -87.661286494)"
1/7/12,"(41.852731587, -87.701390474)"
1/1/12,"(41.882885017, -87.769852743)"
3/7/12,"(41.797689933, -87.622543713)"
1/3/12,"(41.868541914, -87.639235361)"
3/1/12,"(41.892121513, -87.685929262)"
1/3/12,"(41.75955136, -87.607867766)"
4/3/12,"(41.691689175, -87.622232709)"
1/2/12,"(41.757805848, -87.60049491)"
2/7/12,"(41.932306604, -87.676497041)"
1/8/12,"(41.922705567, -87.681004963)"
1/7/12,"(41.95506832, -87.669072351)"
2/12/12,"(41.89405739, -87.629237033)"
4/5/12,"(41.943867792, -87.653827678)"
1/6/12,"(41.701833324, -87.563215273)"
3/10/12,"(41.707403127, -87.582529359)"
3/9/12,"(41.77759733, -87.786719856)"
3/10/12,"(41.761404754, -87.616771919)"
1/10/12,"(41.793705266, -87.661305533)"
3/6/12,"(41.888778301, -87.632512191)"
4/4/12,"(41.746625732, -87.608742532)"
3/6/12,"(41.790589106, -87.65036649)"
2/6/12,"(42.014493615, -87.690227788)"
1/1/12,"(41.893202091, -87.675193651)"
2/3/12,"(41.765162688, -87.624896894)"
1/7/12,"(41.768966549, -87.594015174)"
1/1/12,"(41.889107991, -87.723464378)"
3/10/12,"(41.76782621, -87.591660242)"
2/1/12,"(42.005637434, -87.673186156)"
4/4/12,"(41.901740233, -87.679660909)"
3/4/12,"(41.766946791, -87.57632241)"
3/6/12,"(41.761918391, -87.68184069)"
2/1/12,"(41.721627204, -87.624485177)"
3/2/12,"(41.797482716, -87.757552954)"
3/12/12,"(41.976762981, -87.900983721)"
1/9/12,"(41.834878761, -87.679086733)"
1/8/12,"(42.002044669, -87.689992614)"
3/3/12,"(41.827850191, -87.704548506)"
1/9/12,"(41.924250576, -87.745545036)"
4/7/12,"(41.869330268, -87.687341495)"
2/11/12,"(41.736794231, -87.552802609)"
1/5/12,"(41.880131389, -87.641140619)"
2/9/12,"(41.884930978, -87.716221792)"
4/3/12,"(41.96831643, -87.721234913)"
4/10/12,"(41.881738601, -87.751281527)"
1/4/12,"(41.760796235, -87.567125234)"
1/12/12,"(41.688285799, -87.637409075)"
2/8/12,"(41.731532836, -87.661723158)"
2/8/12,"(41.892142709, -87.757948681)"
2/10/12,"(41.686730296, -87.615631496)"
4/6/12,"(41.779776542, -87.643009194)"
2/5/12,"(41.88407329, -87.722102089)"
2/4/12,"(41.999696749, -87.814942902)"
4/3/12,"(41.728613851, -87.597361164)"
2/5/12,"(41.747772446, -87.715294414)"
2/9/12,"(41.769686171, -87.651808963)"
3/3/12,"(41.974696966, -87.774560468)"
3/10/12,"(41.883006315, -87.764952877)"
2/2/12,"(41.856470062, -87.6661109)"
3/6/12,"(41.694730127, -87.652172445)"
3/8/12,"(41.879500723, -87.626804385)"
4/5/12,"(41.874060099, -87.705924314)"
4/7/12,"(41.878940618, -87.701147005)"
1/8/12,"(41.744519404, -87.555629532)"
1/5/12,"(41.759219493, -87.652748053)"
3/6/12,"(41.893893173, -87.615127644)"
3/8/12,"(41.886283465, -87.76339609)"
2/4/12,"(41.823125769, -87.602725951)"
3/9/12,"(41.828120057, -87.669120515)"
1/7/12,"(42.00536154, -87.671500215)"
4/7/12,"(42.006680746, -87.698577693)"
2/5/12,"(41.910361891, -87.727567836)"
3/5/12,"(41.698074049, -87.621598472)"
1/7/12,"(41.857561639, -87.619451045)"
2/3/12,"(41.846417299, -87.64646622)"
2/9/12,"(41.880990522, -87.70463737)"
1/9/12,"(41.891537223, -87.637634891)"
1/8/12,"(41.764284895, -87.580928208)"
2/4/12,"(41.927906197, -87.647621265)"
3/2/12,"(41.693960671, -87.621658468)"
3/6/12,"(41.997211852, -87.655603889)"
1/5/12,"(41.878638996, -87.627691486)"
4/4/12,"(41.778660358, -87.693381423)"
2/2/12,"(41.826481098, -87.62403416)"
4/2/12,"(41.65685141, -87.607565057)"
4/3/12,"(41.909168175, -87.64708709)"
2/8/12,"(41.871022206, -87.683711633)"
4/7/12,"(41.864021826, -87.676990834)"
3/10/12,"(41.937718623, -87.640613767)"
4/10/12,"(41.957937588, -87.751265132)"
3/12/12,"(41.780595495, -87.68367553)"
1/4/12,"(41.961050022, -87.651174387)"
4/6/12,"(41.763291654, -87.589810116)"
1/3/12,"(41.973267845, -87.658244449)"
1/4/12,"(41.910676878, -87.697013153)"
2/5/12,"(41.881847601, -87.641772074)"
3/12/12,"(41.884808053, -87.756450067)"
1/11/12,"(41.900911535, -87.736102054)"
2/8/12,"(41.783268611, -87.613272633)"
2/10/12,"(41.879632285, -87.736557282)"
3/2/12,"(41.941759657, -87.730376649)"
2/6/12,"(41.890309516, -87.628018466)"
3/10/12,"(41.701437603, -87.607400808)"
2/2/12,"(41.928233112, -87.659267035)"
1/4/12,"(41.74064602, -87.545387414)"
3/10/12,"(41.707988118, -87.631670255)"
1/3/12,"(41.903283272, -87.694427014)"
1/2/12,"(41.710038846, -87.611405921)"
1/1/12,"(41.899186129, -87.707382781)"
3/1/12,"(41.859561088, -87.670072724)"
3/5/12,"(41.736264617, -87.627929503)"
1/7/12,"(41.652336129, -87.611355365)"
3/1/12,"(41.925084098, -87.673197782)"
2/3/12,"(41.769185486, -87.625732415)"
2/6/12,"(41.773034707, -87.674953485)"
4/5/12,"(41.916097084, -87.702048019)"
1/1/12,"(41.884410572, -87.653697888)"
3/2/12,"(41.97887761, -87.657883624)"
2/10/12,"(41.945551372, -87.720893991)"
3/12/12,"(41.744071584, -87.550303353)"
2/4/12,"(41.678521867, -87.622677852)"
4/4/12,"(41.918172412, -87.730257031)"
4/7/12,"(41.929019375, -87.652993063)"
2/1/12,"(41.768788957, -87.625513163)"
4/6/12,"(41.968277804, -87.724809477)"
1/6/12,"(41.895490776, -87.713156054)"
3/6/12,"(41.905526506, -87.63931246)"
1/8/12,"(41.743886805, -87.570979625)"
2/4/12,"(41.895637834, -87.773843386)"
2/12/12,"(41.760885977, -87.630078996)"
4/4/12,"(41.786729201, -87.665998506)"
2/9/12,"(41.764127834, -87.65532799)"
2/4/12,"(41.759249276, -87.638468158)"
3/9/12,"(41.836079217, -87.657493749)"
1/10/12,"(41.779307977, -87.674442028)"
3/2/12,"(41.837406187, -87.695669827)"
3/3/12,"(41.834690813, -87.613705645)"
3/10/12,"(41.951615752, -87.66006109)"
3/4/12,"(41.998802987, -87.666767206)"
2/3/12,"(41.935848788, -87.767618947)"
1/5/12,"(41.795807807, -87.76177065)"
4/1/12,"(41.750772111, -87.624538423)"
3/7/12,"(41.90227194, -87.753629703)"
2/8/12,"(41.961708065, -87.700925146)"
2/1/12,"(41.904380494, -87.732466036)"
2/8/12,"(41.960778173, -87.742731337)"
2/4/12,"(41.844211983, -87.680529403)"
2/1/12,"(41.836414282, -87.649655647)"
3/10/12,"(41.778515596, -87.670274236)"
3/7/12,"(41.740649356, -87.703377328)"
3/4/12,"(42.011798696, -87.682899299)"
2/9/12,"(41.791699487, -87.669379304)"
3/5/12,"(41.86293682, -87.650918709)"
4/1/12,"(42.001275457, -87.69525037)"
3/3/12,"(41.866244992, -87.719735069)"
1/1/12,"(41.877565688, -87.684893829)"
2/3/12,"(41.939632086, -87.644386176)"
3/6/12,"(41.921449028, -87.707187285)"
3/6/12,"(41.810052623, -87.665011864)"
3/2/12,"(41.810239678, -87.685690657)"
3/3/12,"(41.889396593, -87.750503196)"
1/10/12,"(41.788279496, -87.690502628)"
4/5/12,"(41.962282104, -87.662338732)"
3/12/12,"(41.860066636, -87.710367144)"
4/8/12,"(41.887216076, -87.755620452)"
2/7/12,"(41.656787031, -87.597440303)"
2/5/12,"(41.948547685, -87.647995608)"
2/3/12,"(41.740918989, -87.631967753)"
3/4/12,"(41.698906039, -87.62567216)"
3/11/12,"(41.897305479, -87.75320814)"
2/1/12,"(41.704370559, -87.637902149)"
2/7/12,"(41.843384385, -87.715978935)"
1/6/12,"(41.897776061, -87.71151043)"
3/12/12,"(41.905693521, -87.716661083)"
1/3/12,"(41.930452559, -87.636635217)"
2/5/12,"(41.914884514, -87.682455046)"
1/3/12,"(41.810346885, -87.612907097)"
4/5/12,"(41.910174179, -87.77273923)"
1/6/12,"(41.915752027, -87.688350567)"
3/3/12,"(41.983649153, -87.658712242)"
1/9/12,"(41.966080921, -87.688828607)"
1/1/12,"(41.968969889, -87.663305519)"
2/5/12,"(41.836315211, -87.71701198)"
4/6/12,"(41.768033344, -87.570899087)"
3/11/12,"(41.715830899, -87.640635541)"
3/12/12,"(41.984438243, -87.656636831)"
3/8/12,"(41.858291269, -87.707873516)"
2/4/12,"(41.861940229, -87.728715248)"
3/7/12,"(41.759327126, -87.586154041)"
1/6/12,"(41.729706654, -87.647579047)"
4/8/12,"(41.814588112, -87.704230701)"
4/7/12,"(41.961201511, -87.748772005)"
2/1/12,"(41.87178962, -87.633564301)"
3/5/12,"(41.751649411, -87.664679854)"
2/2/12,"(41.747108834, -87.608759086)"
2/11/12,"(41.907305135, -87.695694734)"
4/9/12,"(41.73298281, -87.605983251)"
3/8/12,"(41.830978693, -87.606001383)"
3/9/12,"(41.827448726, -87.618985837)"
2/10/12,"(41.964744922, -87.714849143)"
3/1/12,"(41.878402185, -87.641085841)"
3/9/12,"(41.905524687, -87.672973184)"
1/1/12,"(41.9944717, -87.730103763)"
2/4/12,"(41.800620055, -87.584412895)"
3/8/12,"(41.698597131, -87.653603661)"
3/12/12,"(41.924612391, -87.762320161)"
3/5/12,"(41.968235322, -87.728715018)"
4/1/12,"(41.759862994, -87.610286968)"
1/4/12,"(41.878211232, -87.75761467)"
2/10/12,"(41.887216061, -87.765521526)"
2/9/12,"(41.838091024, -87.70240425)"
2/8/12,"(41.696776756, -87.653454394)"
4/9/12,"(41.790974278, -87.598063719)"
3/12/12,"(41.917233894, -87.720925992)"
1/8/12,"(41.945908442, -87.797220052)"
2/9/12,"(41.751648224, -87.572716504)"
3/10/12,"(41.93968235, -87.669691498)"
3/4/12,"(41.744137568, -87.727916271)"
4/3/12,"(41.909798633, -87.652036281)"
4/9/12,"(41.691875818, -87.611671292)"
1/7/12,"(41.80462016, -87.684368169)"
2/7/12,"(41.798326403, -87.689045285)"
2/7/12,"(41.923237855, -87.70560443)"
3/2/12,"(41.78384739, -87.674025229)"
4/2/12,"(41.94572563, -87.702895322)"
1/11/12,"(41.968288338, -87.723691521)"
4/10/12,"(41.892889121, -87.768446276)"
3/1/12,"(41.942679049, -87.668745178)"
2/12/12,"(41.803431637, -87.643815303)"
1/1/12,"(41.935395929, -87.652359306)"
2/7/12,"(41.751713043, -87.648920717)"
2/5/12,"(41.77543953, -87.633314847)"
2/11/12,"(41.691854238, -87.538125907)"
1/3/12,"(41.940594418, -87.649286363)"
1/7/12,"(41.772968995, -87.696895014)"
1/11/12,"(41.733244714, -87.547001979)"
1/8/12,"(41.768132236, -87.661480855)"
2/8/12,"(41.79594796, -87.620876013)"
3/2/12,"(41.904801829, -87.716184761)"
1/11/12,"(41.904370109, -87.631460067)"
3/7/12,"(41.792647007, -87.594868904)"
4/6/12,"(41.863580239, -87.694554444)"
1/2/12,"(41.883668321, -87.755186031)"
2/4/12,"(41.795004089, -87.660969249)"
2/5/12,"(41.78789985, -87.781641789)"
2/10/12,"(41.980976837, -87.906516196)"
4/2/12,"(41.872845977, -87.699217017)"
3/4/12,"(41.880420133, -87.651331272)"
1/7/12,"(41.758230922, -87.563930441)"
3/7/12,"(41.791215677, -87.675438535)"
3/5/12,"(41.779743747, -87.645319351)"
3/12/12,"(41.877494027, -87.674712257)"
4/5/12,"(41.97594142, -87.769779743)"
3/7/12,"(41.996334678, -87.66465928)"
3/2/12,"(41.864217865, -87.702173146)"
1/9/12,"(41.753624373, -87.647756972)"
2/8/12,"(41.943758523, -87.73215158)"
4/8/12,"(41.870740921, -87.72349948)"
3/3/12,"(41.866532307, -87.693926634)"
3/9/12,"(41.801060924, -87.689751408)"
2/10/12,"(41.749799891, -87.667066415)"
1/8/12,"(41.799773686, -87.730700968)"
2/3/12,"(41.758277853, -87.62233006)"
4/5/12,"(41.895429205, -87.719573333)"
2/6/12,"(41.751950886, -87.549962058)"
1/4/12,"(41.816455303, -87.598557379)"
1/12/12,"(41.885018149, -87.766679426)"
4/5/12,"(41.694499512, -87.684890499)"
1/11/12,"(41.878227412, -87.626807395)"
3/2/12,"(41.881258797, -87.680420524)"
2/8/12,"(41.72910174, -87.557636261)"
2/10/12,"(41.752373253, -87.569900713)"
4/1/12,"(41.999393923, -87.699389586)"
2/1/12,"(41.944315717, -87.644262239)"
3/12/12,"(41.810325087, -87.609004486)"
1/5/12,"(41.86905549, -87.710628666)"
2/1/12,"(41.772839986, -87.575255978)"
4/1/12,"(41.967458424, -87.659655286)"
2/11/12,"(41.693840666, -87.613406835)"
2/6/12,"(41.893281677, -87.627596446)"
2/8/12,"(41.905484629, -87.715068773)"
1/9/12,"(41.88534469, -87.710000447)"
1/3/12,"(41.735563992, -87.647282257)"
2/7/12,"(41.762152705, -87.567655233)"
1/5/12,"(41.723534533, -87.625380003)"
1/3/12,"(41.732063407, -87.606407615)"
1/9/12,"(41.879811873, -87.721661659)"
4/8/12,"(41.765296227, -87.612832159)"
1/1/12,"(41.883937101, -87.683309072)"
2/10/12,"(41.705896078, -87.623486111)"
2/1/12,"(41.712255334, -87.635692906)"
1/5/12,"(41.816776477, -87.687139881)"
4/3/12,"(41.647135893, -87.544186244)"
1/11/12,"(41.878931004, -87.639585621)"
2/9/12,"(41.754168689, -87.601635756)"
2/7/12,"(41.825636211, -87.685407095)"
1/6/12,"(41.953627639, -87.779240673)"
2/8/12,"(41.887812777, -87.620546628)"
3/11/12,"(41.756959064, -87.675993764)"
1/6/12,"(41.79764165, -87.762454826)"
2/6/12,"(41.813347359, -87.633485489)"
1/11/12,"(41.668723543, -87.640943126)"
4/1/12,"(41.883627156, -87.726983152)"
4/8/12,"(41.763093539, -87.620026337)"
3/2/12,"(41.666348914, -87.622830035)"
1/7/12,"(41.884468279, -87.650472962)"
1/6/12,"(41.758051639, -87.636018116)"
2/12/12,"(41.856112202, -87.631844813)"
4/8/12,"(41.759290381, -87.618331156)"
2/1/12,"(41.910049472, -87.712236304)"
2/6/12,"(41.765076643, -87.652422238)"
4/5/12,"(41.915926327, -87.732625959)"
4/3/12,"(41.770907672, -87.575205413)"
2/10/12,"(41.903113054, -87.643199348)"
2/6/12,"(41.756802852, -87.601147704)"
4/5/12,"(41.74502225, -87.715731202)"
3/1/12,"(41.898650538, -87.748953467)"
4/8/12,"(41.765763563, -87.586317625)"
3/5/12,"(41.964235418, -87.654773202)"
1/4/12,"(41.864137869, -87.705602815)"
1/11/12,"(41.777781074, -87.703109392)"
1/2/12,"(41.721305001, -87.655686763)"
1/9/12,"(41.930664021, -87.706160048)"
1/3/12,"(41.689898738, -87.645951694)"
4/1/12,"(41.691497257, -87.63750627)"
1/8/12,"(41.894156623, -87.673200488)"
4/4/12,"(41.955934498, -87.682313252)"
3/9/12,"(41.794748711, -87.687731583)"
4/3/12,"(41.887308887, -87.681699387)"
3/1/12,"(41.753340173, -87.66190267)"
4/4/12,"(41.884671991, -87.726326938)"
4/6/12,"(41.758361509, -87.617681742)"
3/11/12,"(41.844767662, -87.729431137)"
4/4/12,"(41.734995437, -87.545778898)"
2/7/12,"(41.902685579, -87.667473996)"
2/1/12,"(41.972451749, -87.652950271)"
3/8/12,"(41.87786538, -87.757599414)"
4/7/12,"(41.866202226, -87.723039647)"
2/4/12,"(41.769765357, -87.661526133)"
2/3/12,"(41.89445275, -87.715061321)"
1/1/12,"(41.89569892, -87.691112446)"
3/1/12,"(41.75305427, -87.566257132)"
3/7/12,"(41.677044553, -87.641882552)"
1/9/12,"(41.879783007, -87.773012281)"
1/11/12,"(41.875889809, -87.710837717)"
3/1/12,"(41.869992943, -87.711441988)"
3/8/12,"(41.756920236, -87.589092011)"
4/9/12,"(41.894898468, -87.759701652)"
3/5/12,"(41.933486595, -87.711483422)"
4/4/12,"(41.989025495, -87.663477787)"
3/5/12,"(41.902010439, -87.695009072)"
2/4/12,"(41.744422794, -87.546678721)"
2/3/12,"(41.840680655, -87.623264503)"
2/5/12,"(41.691277987, -87.604348002)"
2/6/12,"(41.749619013, -87.669479621)"
2/4/12,"(41.831086093, -87.618739917)"
2/7/12,"(41.909304522, -87.771670424)"
1/4/12,"(41.909698597, -87.638547207)"
3/2/12,"(41.74415536, -87.653566743)"
2/11/12,"(41.875041173, -87.743466273)"
1/5/12,"(41.962324098, -87.684443267)"
3/9/12,"(41.752793661, -87.565039851)"
2/11/12,"(41.822982159, -87.632529411)"
4/1/12,"(41.936335635, -87.650710119)"
3/2/12,"(41.875232942, -87.6276188)"
4/5/12,"(41.873517205, -87.701005851)"
3/2/12,"(41.871706, -87.696041325)"
1/8/12,"(41.945643679, -87.807018436)"
3/4/12,"(41.778680286, -87.670279872)"
3/7/12,"(41.758479779, -87.611145478)"
2/9/12,"(41.880366516, -87.6243529)"
3/7/12,"(41.874850606, -87.735272577)"
1/11/12,"(41.773109884, -87.586294711)"
2/12/12,"(41.691751579, -87.685225652)"
2/12/12,"(41.913631929, -87.764372623)"
3/5/12,"(41.882093928, -87.635313686)"
4/8/12,"(41.880081938, -87.672339218)"
2/8/12,"(41.942848288, -87.769086168)"
2/5/12,"(41.735705362, -87.669480032)"
1/11/12,"(41.901677623, -87.696849052)"
1/6/12,"(41.882994123, -87.655949303)"
2/6/12,"(41.869429684, -87.738245611)"
3/12/12,"(41.944455668, -87.766708463)"
4/7/12,"(41.946076436, -87.655609079)"
1/12/12,"(41.815669029, -87.701670578)"
4/8/12,"(41.817274206, -87.634352524)"
3/3/12,"(41.789459579, -87.685137143)"
2/8/12,"(41.706070186, -87.653645803)"
4/5/12,"(41.67736022, -87.641893815)"
1/12/12,"(41.797980847, -87.617684868)"
1/8/12,"(41.87963019, -87.736682152)"
2/5/12,"(41.841640365, -87.654451611)"
2/1/12,"(41.932090033, -87.698490899)"
3/12/12,"(41.696963972, -87.646173059)"
1/11/12,"(41.784579667, -87.693850559)"
3/7/12,"(41.869137185, -87.744856967)"
1/5/12,"(41.957252916, -87.778139401)"
1/10/12,"(41.73858778, -87.563604366)"
3/6/12,"(41.775004068, -87.601743597)"
2/10/12,"(41.777876606, -87.77067026)"
2/7/12,"(41.653001865, -87.548384876)"
3/5/12,"(41.84604333, -87.727268434)"
4/6/12,"(41.880802263, -87.773245737)"
4/2/12,"(41.881944424, -87.634195294)"
2/10/12,"(41.933868431, -87.745416308)"
3/12/12,"(41.89831864, -87.675897783)"
2/11/12,"(41.800532811, -87.665972666)"
1/6/12,"(41.801342171, -87.744216032)"
3/10/12,"(41.733088802, -87.552711915)"
3/2/12,"(41.812928214, -87.691895935)"
1/10/12,"(41.861984469, -87.706761906)"
2/8/12,"(41.741949408, -87.617054222)"
1/4/12,"(41.691282058, -87.719676191)"
1/8/12,"(41.768762371, -87.618559567)"
4/10/12,"(41.808803617, -87.611438845)"
4/4/12,"(41.777189883, -87.759992894)"
1/6/12,"(41.956272914, -87.64574741)"
4/2/12,"(41.769182968, -87.6257691)"
3/12/12,"(41.726965553, -87.60095907)"
1/6/12,"(41.857895325, -87.660167712)"
3/6/12,"(41.978740919, -87.680745981)"
3/7/12,"(41.88106593, -87.632339422)"
2/7/12,"(41.843722707, -87.657149075)"
1/5/12,"(41.786299764, -87.700187917)"
1/5/12,"(41.886866288, -87.736589119)"
4/1/12,"(41.896343018, -87.624279065)"
2/1/12,"(41.775011935, -87.680960316)"
1/9/12,"(41.763767768, -87.690560416)"
2/1/12,"(41.750528037, -87.741411957)"
4/9/12,"(41.926095036, -87.777009555)"
4/3/12,"(41.794241476, -87.650320383)"
3/6/12,"(41.694743869, -87.652175962)"
1/4/12,"(41.722417472, -87.536111777)"
2/8/12,"(41.885487535, -87.726422045)"
1/8/12,"(41.900040745, -87.721343753)"
3/7/12,"(41.853810195, -87.691513315)"
4/10/12,"(41.754544993, -87.56265143)"
2/1/12,"(41.793959379, -87.800860851)"
3/1/12,"(41.794372762, -87.580433389)"
2/2/12,"(41.965932363, -87.656806969)"
4/9/12,"(41.939153031, -87.746874717)"
2/6/12,"(41.819108491, -87.632733067)"
1/8/12,"(41.694002809, -87.618278457)"
3/3/12,"(41.839973631, -87.730514768)"
1/1/12,"(41.709914846, -87.669584301)"
1/3/12,"(41.766469274, -87.722453549)"
3/12/12,"(41.746673051, -87.626917781)"
4/2/12,"(41.887616508, -87.68029703)"
4/6/12,"(41.883489121, -87.749058592)"
3/3/12,"(41.71472412, -87.552344491)"
1/1/12,"(41.714826411, -87.535278943)"
3/8/12,"(41.810207067, -87.687697435)"
1/11/12,"(41.812589157, -87.70905565)"
2/3/12,"(41.786260335, -87.665596361)"
4/2/12,"(41.785308691, -87.606037464)"
4/6/12,"(41.888165132, -87.622937212)"
3/8/12,"(41.866308306, -87.772928034)"
1/8/12,"(41.882364625, -87.667971455)"
3/1/12,"(41.885740288, -87.631590568)"
3/5/12,"(41.898175518, -87.643546363)"
3/5/12,"(41.899410159, -87.624131266)"
3/12/12,"(41.945994466, -87.803335995)"
3/10/12,"(41.924813371, -87.696692643)"
2/6/12,"(41.907080131, -87.724002367)"
3/2/12,"(41.706267651, -87.660151417)"
3/7/12,"(41.894934592, -87.638541967)"
2/11/12,"(41.805902172, -87.656387873)"
4/10/12,"(41.795191528, -87.588157998)"
3/1/12,"(41.658360833, -87.539884763)"
4/7/12,"(41.686539158, -87.63494204)"
4/4/12,"(41.671752504, -87.627280006)"
3/6/12,"(41.876552729, -87.763471539)"
3/11/12,"(41.971562096, -87.758793662)"
3/1/12,"(41.779121068, -87.656918917)"
3/4/12,"(41.954802694, -87.679207203)"
3/6/12,"(41.771737057, -87.698428543)"
2/9/12,"(41.783557051, -87.732678801)"
3/12/12,"(41.858966525, -87.715509718)"
4/1/12,"(41.998102226, -87.668488871)"
3/5/12,"(41.871729409, -87.716921564)"
1/6/12,"(41.885312381, -87.667573631)"
4/4/12,"(41.868713924, -87.683646889)"
2/5/12,"(41.887116764, -87.64867829)"
4/3/12,"(41.956774392, -87.649764097)"
3/1/12,"(41.780823998, -87.636050098)"
1/5/12,"(41.791624657, -87.675452689)"
2/11/12,"(41.786053236, -87.648595941)"
1/2/12,"(41.878638996, -87.627691486)"
4/10/12,"(41.864278658, -87.659733638)"
3/8/12,"(41.759740916, -87.708292632)"
2/2/12,"(41.890013524, -87.631664996)"
3/5/12,"(41.939355367, -87.704226118)"
1/12/12,"(41.885392221, -87.706632397)"
3/6/12,"(41.931994735, -87.766271177)"
2/10/12,"(41.953900467, -87.907472601)"
3/5/12,"(41.780946398, -87.621995369)"
1/12/12,"(41.774319025, -87.605795029)"
4/9/12,"(41.709104406, -87.53407889)"
1/6/12,"(41.932708981, -87.649528656)"
2/1/12,"(41.691873402, -87.633917743)"
2/10/12,"(41.798754356, -87.65377487)"
4/7/12,"(41.799741355, -87.648072487)"
4/7/12,"(41.93830385, -87.654052144)"
4/8/12,"(41.882539542, -87.627850543)"
3/8/12,"(41.890046473, -87.756380901)"
1/1/12,"(42.017759407, -87.670963196)"
4/5/12,"(41.965526323, -87.725508552)"
3/2/12,"(41.706210169, -87.626804247)"
2/12/12,"(41.850060897, -87.68068649)"
3/10/12,"(41.74355527, -87.630905732)"
3/7/12,"(41.879890416, -87.630832031)"
2/5/12,"(41.953916593, -87.708321746)"
1/7/12,"(41.778671235, -87.640835937)"
2/2/12,"(41.886862231, -87.736864593)"
3/11/12,"(41.764703269, -87.662191081)"
1/3/12,"(41.894027788, -87.749208636)"
1/1/12,"(41.819468019, -87.608413534)"
3/3/12,"(41.736993626, -87.545827764)"
4/1/12,"(41.810636362, -87.745686165)"
4/7/12,"(41.961584145, -87.669732678)"
4/8/12,"(41.76217303, -87.685620765)"
3/6/12,"(41.765141363, -87.648536096)"
1/6/12,"(41.941764624, -87.686904924)"
4/5/12,"(41.705717816, -87.702546548)"
3/7/12,"(41.785477594, -87.700889011)"
2/12/12,"(41.704527178, -87.634315286)"
3/6/12,"(41.906330258, -87.720776732)"
1/2/12,"(41.703773632, -87.56445552)"
1/5/12,"(41.735931109, -87.653642482)"
1/3/12,"(41.884694208, -87.754005299)"
3/8/12,"(41.865471501, -87.72393137)"
4/8/12,"(41.894317667, -87.745782842)"
1/7/12,"(41.750741553, -87.625814076)"
1/9/12,"(41.795065354, -87.665827691)"
1/6/12,"(41.746452147, -87.629379055)"
4/6/12,"(41.987504778, -87.693221412)"
1/5/12,"(41.836385231, -87.66571041)"
4/5/12,"(41.894506426, -87.707744348)"
2/11/12,"(41.762485013, -87.578892965)"
2/2/12,"(41.804895733, -87.743090475)"
1/4/12,"(41.894127803, -87.713834034)"
3/10/12,"(41.750971973, -87.580039254)"
3/5/12,"(41.764971149, -87.561511321)"
2/12/12,"(41.720780568, -87.632311326)"
3/5/12,"(41.827213381, -87.637421826)"
3/9/12,"(41.711841656, -87.600533786)"
3/6/12,"(41.934839728, -87.772820975)"
4/4/12,"(41.730554256, -87.585066112)"
1/6/12,"(41.706461608, -87.652546686)"
2/11/12,"(41.784111527, -87.688652292)"
1/6/12,"(41.881836603, -87.709322139)"
3/2/12,"(41.917857733, -87.731476174)"
3/1/12,"(41.764581624, -87.561127448)"
4/8/12,"(41.815630302, -87.621380589)"
3/1/12,"(41.907667159, -87.757456624)"
1/1/12,"(41.732645384, -87.563459161)"
2/1/12,"(41.777838294, -87.615566126)"
4/5/12,"(41.833139425, -87.615319213)"
1/6/12,"(41.793115777, -87.733271651)"
3/9/12,"(41.883091425, -87.748562787)"
3/6/12,"(41.858673854, -87.738565593)"
2/3/12,"(41.823835404, -87.616923741)"
4/5/12,"(41.904765246, -87.6954298)"
3/7/12,"(41.864351883, -87.724455969)"
3/6/12,"(41.938476526, -87.774090236)"
4/6/12,"(41.877625954, -87.750393514)"
2/2/12,"(41.706875037, -87.628265515)"
1/1/12,"(41.746409517, -87.642703493)"
4/4/12,"(41.935828488, -87.765175057)"
3/8/12,"(42.002478396, -87.66929687)"
3/9/12,"(41.814162811, -87.603994347)"
3/3/12,"(41.883500187, -87.627876698)"
1/4/12,"(41.875132462, -87.736173215)"
1/3/12,"(41.826758313, -87.632535927)"
1/1/12,"(41.880990522, -87.70463737)"
4/7/12,"(41.758054116, -87.635974108)"
1/12/12,"(42.019374665, -87.671730293)"
3/10/12,"(41.750053694, -87.555892554)"
1/3/12,"(41.75702248, -87.558073456)"
3/4/12,"(41.800291686, -87.668403073)"
2/4/12,"(41.790484547, -87.657745543)"
3/12/12,"(41.755759766, -87.636860218)"
2/7/12,"(41.902365801, -87.716854733)"
1/12/12,"(41.76160221, -87.606701086)"
2/1/12,"(41.676735364, -87.620471921)"
1/9/12,"(41.801852528, -87.630045663)"
4/10/12,"(41.746140855, -87.652406156)"
2/5/12,"(41.8508105, -87.685608239)"
1/8/12,"(41.980722311, -87.670699883)"
2/12/12,"(41.877613062, -87.647233851)"
2/11/12,"(41.89061114, -87.757892644)"
3/12/12,"(41.778490327, -87.683623452)"
3/8/12,"(41.87924295, -87.697255331)"
3/4/12,"(41.985230877, -87.717490419)"
3/4/12,"(41.816524477, -87.623967949)"
2/2/12,"(41.974346865, -87.718419045)"
3/1/12,"(41.746140855, -87.652406156)"
1/11/12,"(41.80966306, -87.711457301)"
1/4/12,"(41.770128396, -87.615377145)"
3/9/12,"(41.953436358, -87.746273229)"
3/8/12,"(41.945224917, -87.750436092)"
2/10/12,"(41.745218198, -87.643112014)"
4/1/12,"(41.7759329, -87.605831782)"
3/7/12,"(41.707519433, -87.601839023)"
2/11/12,"(42.017233312, -87.681647931)"
1/11/12,"(41.900915541, -87.718146987)"
1/5/12,"(41.999361685, -87.66799382)"
4/7/12,"(41.893815071, -87.773723397)"
3/8/12,"(41.902085462, -87.641168032)"
1/9/12,"(41.830373381, -87.676806309)"
4/3/12,"(41.883705962, -87.749067634)"
1/2/12,"(41.898871784, -87.734897895)"
4/2/12,"(41.922401684, -87.65229907)"
2/6/12,"(41.885384489, -87.707227401)"
1/12/12,"(41.755179375, -87.555794049)"
4/8/12,"(41.881949766, -87.647367397)"
1/1/12,"(41.769668779, -87.58886769)"
4/9/12,"(41.657312153, -87.598876128)"
1/7/12,"(41.801790103, -87.593458263)"
2/3/12,"(41.871371147, -87.627514417)"
2/4/12,"(42.002949816, -87.816424951)"
1/11/12,"(41.879783301, -87.724030421)"
2/4/12,"(41.902626035, -87.672367558)"
3/5/12,"(41.905828784, -87.688332903)"
1/8/12,"(41.893720636, -87.707068862)"
3/9/12,"(41.880751096, -87.723855981)"
4/3/12,"(41.678836153, -87.632294507)"
1/5/12,"(41.939566852, -87.724623088)"
1/4/12,"(41.874886344, -87.751850412)"
1/5/12,"(41.811454364, -87.689412617)"
4/5/12,"(41.884215578, -87.635371384)"
2/4/12,"(41.880555964, -87.64192187)"
2/7/12,"(41.696412344, -87.540079983)"
4/9/12,"(41.697169828, -87.646178191)"
2/12/12,"(41.763127087, -87.609158031)"
1/4/12,"(41.894478537, -87.716284154)"
3/10/12,"(41.895675136, -87.628569146)"
4/10/12,"(41.825642379, -87.617564012)"
2/2/12,"(41.774495045, -87.696934918)"
1/1/12,"(41.965839588, -87.663919288)"
2/9/12,"(41.786158718, -87.709015118)"
2/7/12,"(41.770183365, -87.620237396)"
2/1/12,"(41.72991452, -87.660457782)"
2/9/12,"(41.711755162, -87.621260784)"
1/9/12,"(41.808274761, -87.69450995)"
3/8/12,"(41.751457646, -87.552892516)"
3/3/12,"(41.918632498, -87.707012733)"
3/9/12,"(41.941785941, -87.722370873)"
2/3/12,"(41.952587436, -87.771867759)"
2/2/12,"(41.704841153, -87.602729974)"
1/4/12,"(41.889997691, -87.656459267)"
3/8/12,"(41.760575615, -87.587818247)"
2/9/12,"(41.756453516, -87.622430827)"
4/8/12,"(41.925301302, -87.712125142)"
4/6/12,"(41.876351148, -87.666880865)"
1/8/12,"(41.895239896, -87.745814792)"
3/1/12,"(41.945075847, -87.757877318)"
3/8/12,"(42.0160421, -87.668684758)"
1/7/12,"(41.976851852, -87.654999693)"
3/8/12,"(41.77514011, -87.590017895)"
4/4/12,"(41.879134117, -87.71094944)"
2/3/12,"(41.754313657, -87.640969555)"
3/6/12,"(41.886987874, -87.751729667)"
4/7/12,"(41.74719631, -87.602638387)"
1/8/12,"(41.947769384, -87.656965961)"
2/4/12,"(41.740990358, -87.63197064)"
3/9/12,"(41.686405557, -87.633731677)"
1/1/12,"(41.881787077, -87.646777915)"
2/10/12,"(41.808389342, -87.687517615)"
3/12/12,"(41.737414412, -87.54876843)"
1/2/12,"(41.706332184, -87.642813969)"
1/2/12,"(41.7357354, -87.667083562)"
3/8/12,"(41.741341671, -87.614657281)"
2/10/12,"(41.956578128, -87.651832375)"
2/8/12,"(41.914282447, -87.772207283)"
3/10/12,"(41.882470918, -87.627847625)"
2/4/12,"(41.801458486, -87.654410134)"
2/8/12,"(41.783027061, -87.613264336)"
2/5/12,"(41.966827086, -87.770731546)"
3/3/12,"(41.891877604, -87.745698694)"
1/10/12,"(41.669840371, -87.636835493)"
2/7/12,"(41.786701871, -87.636437419)"
3/7/12,"(41.884769738, -87.615751308)"
2/11/12,"(41.954129576, -87.68051551)"
1/6/12,"(41.82382333, -87.617628299)"
3/7/12,"(41.736824491, -87.592185586)"
2/8/12,"(41.806238699, -87.657613066)"
1/1/12,"(41.749141151, -87.554060268)"
1/9/12,"(41.769848355, -87.648163447)"
1/1/12,"(42.021173994, -87.673489176)"
2/11/12,"(41.780019526, -87.701947232)"
3/8/12,"(41.662741893, -87.640202075)"
3/4/12,"(41.755967254, -87.653170904)"
4/4/12,"(41.954775427, -87.730889996)"
4/2/12,"(41.750437407, -87.657810145)"
4/8/12,"(41.710136368, -87.608152623)"
2/1/12,"(41.901133376, -87.629904979)"
2/3/12,"(41.74580301, -87.604493725)"
2/8/12,"(41.765452556, -87.628746189)"
2/7/12,"(41.771640087, -87.575574375)"
3/2/12,"(41.891581539, -87.634538286)"
4/7/12,"(41.921874185, -87.695681982)"
3/7/12,"(41.774255638, -87.740944554)"
1/11/12,"(41.910258085, -87.763028573)"
2/8/12,"(41.930774077, -87.718389368)"
4/4/12,"(41.813183063, -87.60571854)"
2/3/12,"(41.785797404, -87.672864905)"
3/12/12,"(41.905819122, -87.687102355)"
2/9/12,"(41.930731638, -87.646517907)"
3/5/12,"(41.679682277, -87.640584064)"
3/3/12,"(41.954446289, -87.657472556)"
2/9/12,"(41.752607121, -87.587118865)"
1/2/12,"(41.866993033, -87.656984681)"
4/1/12,"(41.786189721, -87.64251506)"
3/8/12,"(41.869447309, -87.744861466)"
1/9/12,"(41.688027634, -87.624356223)"
2/7/12,"(41.901423427, -87.747036425)"
1/5/12,"(41.884248594, -87.667742585)"
4/3/12,"(42.019878675, -87.668247352)"
2/11/12,"(42.002225812, -87.680277948)"
1/7/12,"(41.80771742, -87.688081893)"
1/6/12,"(41.766075287, -87.680746614)"
1/10/12,"(41.984232397, -87.656631655)"
4/1/12,"(41.810350923, -87.672935536)"
1/8/12,"(41.690908016, -87.700798355)"
2/7/12,"(41.892649581, -87.629682213)"
4/7/12,"(41.819610164, -87.690358134)"
2/12/12,"(41.909798502, -87.65201424)"
3/12/12,"(41.933605971, -87.773618263)"
3/6/12,"(41.766997021, -87.589474083)"
4/6/12,"(41.756496183, -87.55289378)"
4/1/12,"(41.688026851, -87.667349046)"
3/3/12,"(41.890119495, -87.645094761)"
1/1/12,"(42.019232277, -87.66703966)"
1/1/12,"(41.985520928, -87.655955944)"
1/9/12,"(41.872555115, -87.724062358)"
3/11/12,"(41.767191036, -87.627176601)"
3/9/12,"(41.702313641, -87.563224189)"
3/8/12,"(41.877107715, -87.724041149)"
1/1/12,"(41.939566852, -87.724623088)"
3/12/12,"(41.767120022, -87.573879063)"
2/4/12,"(41.774356238, -87.602146893)"
1/12/12,"(41.993588017, -87.663764701)"
1/9/12,"(41.86565812, -87.723933269)"
4/9/12,"(41.786967406, -87.649110562)"
3/11/12,"(41.752416206, -87.577226129)"
2/8/12,"(41.796184191, -87.582561219)"
1/7/12,"(41.892927694, -87.693160263)"
3/9/12,"(41.79054357, -87.780130326)"
1/11/12,"(41.874363279, -87.643013039)"
2/9/12,"(41.764085988, -87.658007886)"
3/10/12,"(41.926387901, -87.794105635)"
2/10/12,"(41.687962756, -87.643457099)"
2/3/12,"(41.897960631, -87.632081223)"
2/4/12,"(41.87870641, -87.63693686)"
2/5/12,"(41.694603874, -87.652170116)"
2/11/12,"(41.775125329, -87.685967055)"
4/5/12,"(41.886670918, -87.683406223)"
4/4/12,"(41.975522955, -87.729050625)"
3/9/12,"(41.787427145, -87.621791726)"
4/7/12,"(41.737463317, -87.614553965)"
4/3/12,"(41.900731306, -87.64005129)"
2/1/12,"(41.697129489, -87.624179371)"
3/7/12,"(41.909664252, -87.742728815)"
2/2/12,"(41.858963386, -87.715946584)"
1/2/12,"(41.76740997, -87.690652359)"
2/6/12,"(42.011588423, -87.66445538)"
1/4/12,"(41.771153826, -87.667629981)"
1/12/12,"(41.809876032, -87.616602454)"
4/2/12,"(41.900870422, -87.624184899)"
3/4/12,"(41.977225127, -87.655010442)"
2/1/12,"(41.871563286, -87.696039071)"
3/9/12,"(41.882209791, -87.76703474)"
4/6/12,"(41.976012276, -87.680586281)"
2/6/12,"(41.736425998, -87.555562308)"
2/6/12,"(41.909384533, -87.765064273)"
2/8/12,"(41.754724423, -87.554667078)"
1/11/12,"(41.766418536, -87.646876661)"
2/6/12,"(41.745285231, -87.605067562)"
2/6/12,"(41.77149074, -87.656716814)"
1/12/12,"(41.975727573, -87.710344502)"
1/11/12,"(41.823436361, -87.689010074)"
3/1/12,"(41.747296571, -87.560092358)"
3/11/12,"(41.869292076, -87.691788034)"
3/12/12,"(41.771912372, -87.687539046)"
1/7/12,"(41.883936976, -87.683287039)"
3/9/12,"(41.770477527, -87.734743728)"
4/4/12,"(41.906603572, -87.762087592)"
1/9/12,"(41.89934072, -87.641994756)"
2/9/12,"(41.793876041, -87.649323127)"
4/9/12,"(41.913631929, -87.764372623)"
2/11/12,"(41.774992127, -87.692065102)"
2/4/12,"(41.79772009, -87.617676767)"
4/9/12,"(41.769969589, -87.628286191)"
4/10/12,"(41.939598168, -87.757834682)"
1/8/12,"(41.7030247, -87.620694297)"
1/2/12,"(41.899410159, -87.624131266)"
1/2/12,"(41.758571453, -87.561511043)"
2/8/12,"(41.937559391, -87.699010017)"
4/6/12,"(41.702121035, -87.541346428)"
2/2/12,"(41.998004642, -87.674409176)"
3/10/12,"(41.809506352, -87.700351934)"
2/12/12,"(41.958250773, -87.752416728)"
2/1/12,"(42.019512019, -87.687170579)"
1/8/12,"(41.897128159, -87.638694498)"
3/12/12,"(41.768144675, -87.650556947)"
2/10/12,"(41.933394653, -87.782124418)"
3/5/12,"(41.957415629, -87.75169636)"
1/6/12,"(41.941644506, -87.659802112)"
2/1/12,"(41.767020109, -87.595181198)"
2/7/12,"(41.918021772, -87.710266757)"
2/11/12,"(41.777635185, -87.615561058)"
1/12/12,"(41.866832248, -87.639235498)"
3/8/12,"(41.761626906, -87.592094503)"
3/11/12,"(41.848947187, -87.706386312)"
3/11/12,"(41.794614135, -87.645167671)"
2/3/12,"(41.880323629, -87.635270527)"
1/1/12,"(41.696348268, -87.530458072)"
3/5/12,"(41.857595049, -87.681857965)"
2/2/12,"(41.72458579, -87.63482689)"
4/5/12,"(41.751328486, -87.601228243)"
2/5/12,"(41.9480992, -87.786350145)"
2/2/12,"(41.935428755, -87.783400598)"
4/1/12,"(41.747375501, -87.551479822)"
2/4/12,"(41.866286439, -87.716202878)"
4/4/12,"(42.020078988, -87.668245265)"
3/7/12,"(41.856015648, -87.719968674)"
2/11/12,"(41.958230152, -87.759777428)"
1/3/12,"(41.766247597, -87.575997062)"
2/7/12,"(41.758815423, -87.680537954)"
3/11/12,"(41.911600527, -87.63315535)"
1/3/12,"(41.909664252, -87.742728815)"
1/11/12,"(41.767838617, -87.590182832)"
2/6/12,"(41.722108211, -87.600973936)"
3/7/12,"(41.790009327, -87.647479427)"
2/8/12,"(41.883533014, -87.688542507)"
4/4/12,"(41.871729915, -87.718551756)"
2/9/12,"(41.931582647, -87.742772889)"
4/4/12,"(41.722362598, -87.58382047)"
4/5/12,"(41.682157052, -87.650569839)"
2/11/12,"(41.884434972, -87.774796793)"
4/2/12,"(41.796087163, -87.723243221)"
4/8/12,"(41.873635421, -87.710081187)"
3/1/12,"(41.868165405, -87.62743954)"
1/1/12,"(41.779882406, -87.70396508)"
1/5/12,"(41.736008607, -87.643620985)"
3/6/12,"(41.773242511, -87.665313475)"
1/2/12,"(41.881183664, -87.685081252)"
2/3/12,"(41.875889809, -87.710837717)"
2/10/12,"(41.834124242, -87.669073117)"
1/7/12,"(41.759689835, -87.574915968)"
3/10/12,"(41.792836293, -87.755845327)"
2/10/12,"(41.900155706, -87.731150217)"
2/2/12,"(41.732599207, -87.585555292)"
1/5/12,"(41.651163012, -87.547159466)"
1/2/12,"(41.952251765, -87.765551253)"
1/10/12,"(41.88946287, -87.624222942)"
3/7/12,"(41.777448867, -87.637465161)"
1/9/12,"(41.689417613, -87.632629966)"
1/10/12,"(41.724842269, -87.630083889)"
1/2/12,"(41.805613438, -87.590568041)"
2/5/12,"(41.891860728, -87.709716732)"
4/9/12,"(41.68657447, -87.614410435)"
3/10/12,"(41.956633943, -87.711460649)"
3/6/12,"(41.903718232, -87.690738212)"
1/12/12,"(41.871025414, -87.699510379)"
1/11/12,"(41.884938365, -87.758905713)"
2/3/12,"(41.964010386, -87.654771913)"
1/8/12,"(41.858255575, -87.723691532)"
4/7/12,"(41.735335992, -87.663053811)"
2/7/12,"(41.721325872, -87.620580034)"
2/10/12,"(41.948979271, -87.757011425)"
2/12/12,"(41.874481598, -87.633993908)"
4/2/12,"(41.818649479, -87.631266971)"
2/4/12,"(41.729171506, -87.55456177)"
1/12/12,"(41.880966228, -87.706719713)"
3/12/12,"(41.765025476, -87.576275351)"
3/3/12,"(41.888165132, -87.622937212)"
2/11/12,"(41.750988943, -87.577191573)"
2/7/12,"(41.811344577, -87.668692272)"
2/9/12,"(41.745808966, -87.547926023)"
1/8/12,"(41.751026245, -87.563796601)"
1/12/12,"(41.956503547, -87.705653083)"
2/8/12,"(41.882457198, -87.627847776)"
1/4/12,"(41.727951539, -87.657983483)"
3/9/12,"(41.986066128, -87.728520584)"
2/7/12,"(41.958052756, -87.767161572)"
1/8/12,"(41.866202226, -87.723039647)"
1/7/12,"(41.826030043, -87.632815375)"
1/8/12,"(41.75766911, -87.621523127)"
1/6/12,"(41.723681363, -87.616308393)"
3/4/12,"(41.979020089, -87.655053915)"
1/7/12,"(41.877463972, -87.762949371)"
3/7/12,"(41.897982937, -87.624095634)"
2/4/12,"(41.933869895, -87.774843466)"
1/3/12,"(41.75218823, -87.662486383)"
2/7/12,"(41.913070294, -87.634770532)"
1/3/12,"(41.868180939, -87.709271389)"
4/4/12,"(41.787031195, -87.745384766)"
2/1/12,"(41.89822462, -87.641217072)"
3/7/12,"(41.895764685, -87.622173496)"
3/4/12,"(41.955163355, -87.754010914)"
1/9/12,"(41.873904973, -87.758057209)"
2/4/12,"(41.757173846, -87.565903876)"
3/10/12,"(41.728852906, -87.554118677)"
3/3/12,"(41.740656981, -87.544185448)"
1/1/12,"(41.809621907, -87.59853277)"
1/9/12,"(41.95481831, -87.705599768)"
1/11/12,"(41.919245618, -87.746182538)"
3/11/12,"(41.946420812, -87.747087481)"
3/3/12,"(41.927861283, -87.750252428)"
4/6/12,"(41.891791478, -87.620917415)"
1/8/12,"(41.882470918, -87.627847625)"
3/7/12,"(41.993075419, -87.703127193)"
4/8/12,"(41.906760767, -87.722774741)"
3/6/12,"(41.883009042, -87.685161952)"
3/1/12,"(41.742604003, -87.609839386)"
1/11/12,"(41.896951553, -87.763639168)"
4/4/12,"(41.74297018, -87.613085475)"
1/8/12,"(41.956966127, -87.646026725)"
4/2/12,"(41.700943885, -87.539778946)"
2/8/12,"(41.905823149, -87.68343977)"
4/2/12,"(41.750111323, -87.644030737)"
1/8/12,"(41.786359119, -87.696527928)"
3/4/12,"(41.870013763, -87.726102154)"
2/8/12,"(41.832156013, -87.626668478)"
1/5/12,"(41.750476891, -87.601523766)"
1/1/12,"(41.812713636, -87.603963101)"
2/5/12,"(41.909815797, -87.665232362)"
2/2/12,"(41.843879386, -87.620432585)"
4/2/12,"(41.689730534, -87.636251198)"
3/11/12,"(41.882870512, -87.77474799)"
4/10/12,"(41.835947057, -87.734045986)"
3/1/12,"(41.948279589, -87.649516667)"
3/1/12,"(41.871868682, -87.761893959)"
3/8/12,"(41.715317722, -87.566731654)"
2/9/12,"(41.795868205, -87.625732367)"
1/1/12,"(41.922450893, -87.632206293)"
2/12/12,"(41.851875499, -87.697434784)"
1/1/12,"(41.797572754, -87.601263259)"
1/5/12,"(41.904370109, -87.631460067)"
2/1/12,"(41.844452205, -87.646432188)"
2/8/12,"(41.805968289, -87.673409685)"
2/7/12,"(41.869961062, -87.771835062)"
2/11/12,"(41.798037176, -87.747264578)"
4/9/12,"(41.904285353, -87.667927579)"
3/3/12,"(41.989129402, -87.71272248)"
1/10/12,"(41.936986009, -87.748129492)"
3/7/12,"(41.793935909, -87.625680278)"
3/9/12,"(41.86012907, -87.706710271)"
3/1/12,"(41.883500187, -87.627876698)"
1/12/12,"(41.715442357, -87.618861309)"
3/6/12,"(41.859807229, -87.721327397)"
1/12/12,"(41.742476703, -87.544221794)"
1/11/12,"(41.806677076, -87.675456432)"
2/3/12,"(41.736422497, -87.551407506)"
4/6/12,"(41.751752845, -87.564520874)"
3/6/12,"(41.899172336, -87.626506771)"
3/4/12,"(41.878797303, -87.761769811)"
3/2/12,"(41.880263631, -87.763607487)"
4/7/12,"(41.80416138, -87.727490913)"
3/2/12,"(41.996438345, -87.698381505)"
4/8/12,"(41.752909599, -87.580899821)"
4/6/12,"(41.771674036, -87.572406646)"
2/6/12,"(41.771383592, -87.662781309)"
2/4/12,"(41.867182318, -87.71694689)"
3/1/12,"(41.700359791, -87.62332729)"
3/12/12,"(41.979006297, -87.906463155)"
1/11/12,"(41.909791541, -87.733403544)"
1/6/12,"(41.910005597, -87.715803996)"
1/9/12,"(41.885696437, -87.748704291)"
2/9/12,"(41.75676957, -87.604545579)"
1/5/12,"(41.911503263, -87.687250762)"
3/6/12,"(41.775519362, -87.654390481)"
2/3/12,"(41.834124242, -87.669073117)"
4/2/12,"(41.88233367, -87.627841791)"
4/5/12,"(41.853004763, -87.618782294)"
1/10/12,"(41.961387612, -87.654887983)"