17,41.966053,-87.728115 41.993109,-87.711801 41.950285,-87.707140 41.968480,-87.705260 41.939996,-87.727949 41.970904,-87.704879 41.943455,-87.740859 41.970190,-87.716448 41.964703,-87.718872 41.957833,-87.729335 41.958185,-87.732612 41.946221,-87.708254 41.939610,-87.737053 41.987207,-87.743153 41.959117,-87.728338 41.959272,-87.716262 41.961785,-87.738457 41.964757,-87.713547 41.970813,-87.707318 41.994203,-87.717757 41.960556,-87.713125 41.953588,-87.733081 41.957541,-87.711191 41.965845,-87.713287 41.971066,-87.710993 41.941356,-87.717464 41.953443,-87.744957 41.948370,-87.714349 41.956196,-87.708083 41.940872,-87.727985 41.990917,-87.716442 41.956156,-87.730921 41.994390,-87.727651 41.955966,-87.722467 41.961209,-87.704993 41.968316,-87.721235 41.941760,-87.730377 41.945551,-87.720894 41.968278,-87.724809 41.961708,-87.700925 41.960778,-87.742731 41.964745,-87.714849 41.994472,-87.730104 41.968235,-87.728715 41.945726,-87.702895 41.968288,-87.723692 41.943759,-87.732152 41.939153,-87.746875 41.965526,-87.725509 41.953917,-87.708322 41.985231,-87.717490 41.974347,-87.718419 41.953436,-87.746273 41.939567,-87.724623 41.941786,-87.722371 41.954775,-87.730890 41.939567,-87.724623 41.975523,-87.729051 41.975728,-87.710345 41.956634,-87.711461 41.956504,-87.705653 41.986066,-87.728521 41.954818,-87.705600 41.989129,-87.712722
20,41.979550,-87.692845 41.984308,-87.660088 41.988083,-87.656753 41.969563,-87.674195 41.983836,-87.696796 41.969389,-87.700489 41.978568,-87.697309 41.983449,-87.671492 41.983166,-87.689797 41.989244,-87.665120 41.972452,-87.652950 41.978594,-87.693182 41.970395,-87.689396 41.979522,-87.690841 41.981729,-87.692893 41.985388,-87.700444 41.983644,-87.658837 41.973339,-87.653132 41.986333,-87.666154 41.973268,-87.658244 41.978878,-87.657884 41.983649,-87.658712 41.984438,-87.656637 41.972452,-87.652950 41.989025,-87.663478 41.978741,-87.680746 41.987505,-87.693221 41.980722,-87.670700 41.976852,-87.655000 41.984232,-87.656632 41.985521,-87.655956 41.977225,-87.655010 41.976012,-87.680586 41.979020,-87.655054
31,
19,41.947400,-87.651512 41.940251,-87.649275 41.935389,-87.652606 41.934960,-87.647873 41.937236,-87.650825 41.946217,-87.655722 41.939632,-87.644386 41.943660,-87.646611 41.945089,-87.645015 41.961761,-87.655829 41.947446,-87.668868 41.948707,-87.646667 41.934958,-87.679428 41.945143,-87.644856 41.965912,-87.658863 41.943060,-87.653189 41.946050,-87.653077 41.938714,-87.642709 41.966227,-87.686978 41.962272,-87.667733 41.931502,-87.668369 41.942681,-87.651337 41.926524,-87.634051 41.956135,-87.667966 41.936945,-87.669863 41.947280,-87.652207 41.933323,-87.679566 41.945040,-87.654775 41.952043,-87.649631 41.926329,-87.649997 41.939444,-87.689597 41.941155,-87.643061 41.942231,-87.670441 41.943634,-87.648210 41.940007,-87.647444 41.961821,-87.651541 41.932624,-87.654631 41.966285,-87.663988 41.925764,-87.649210 41.929335,-87.644203 41.962685,-87.655738 41.934520,-87.650351 41.936336,-87.650710 41.959614,-87.679846 41.945176,-87.668153 41.938151,-87.639481 41.965390,-87.658298 41.941821,-87.690665 41.962004,-87.654753 41.942351,-87.649345 41.965413,-87.656610 41.938048,-87.656778 41.928722,-87.672495 41.932307,-87.676497 41.955068,-87.669072 41.943868,-87.653828 41.927906,-87.647621 41.937719,-87.640614 41.961050,-87.651174 41.928233,-87.659267 41.929019,-87.652993 41.951616,-87.660061 41.939632,-87.644386 41.962282,-87.662339 41.948548,-87.647996 41.930453,-87.636635 41.966081,-87.688829 41.968970,-87.663306 41.939682,-87.669691 41.942679,-87.668745 41.935396,-87.652359 41.940594,-87.649286 41.944316,-87.644262 41.967458,-87.659655 41.964235,-87.654773 41.955934,-87.682313 41.962324,-87.684443 41.936336,-87.650710 41.946076,-87.655609 41.956273,-87.645747 41.965932,-87.656807 41.954803,-87.679207 41.956774,-87.649764 41.932709,-87.649529 41.938304,-87.654052 41.961584,-87.669733 41.941765,-87.686905 41.965840,-87.663919 41.947769,-87.656966 41.956578,-87.651832 41.954130,-87.680516 41.930732,-87.646518 41.954446,-87.657473 41.941645,-87.659802 41.964010,-87.654772 41.956966,-87.646027 41.948280,-87.649517 41.961388,-87.654888
25,41.918609,-87.765574 41.924492,-87.726108 41.916434,-87.752363 41.923613,-87.793512 41.931492,-87.749668 41.917450,-87.748686 41.912357,-87.747216 41.912639,-87.726418 41.911952,-87.771552 41.931469,-87.786926 41.921464,-87.752379 41.938922,-87.739886 41.931300,-87.764491 41.927085,-87.761177 41.920884,-87.759737 41.935158,-87.721159 41.924398,-87.794045 41.923815,-87.776441 41.917099,-87.802366 41.933925,-87.774843 41.921199,-87.759745 41.904819,-87.723936 41.904522,-87.773016 41.914301,-87.728916 41.906616,-87.733782 41.912259,-87.756986 41.917698,-87.738804 41.905266,-87.765766 41.910343,-87.727568 41.914463,-87.728918 41.919003,-87.786525 41.917907,-87.727805 41.919361,-87.756010 41.910096,-87.756902 41.933543,-87.791884 41.904851,-87.770604 41.923764,-87.779698 41.909495,-87.756378 41.911755,-87.778953 41.931594,-87.794268 41.904686,-87.726365 41.904009,-87.760186 41.905154,-87.721508 41.905266,-87.765766 41.936313,-87.808253 41.909262,-87.774860 41.903041,-87.766902 41.904815,-87.769388 41.918712,-87.765511 41.917081,-87.733027 41.909943,-87.764236 41.933137,-87.763108 41.906307,-87.723191 41.933815,-87.751598 41.911684,-87.745918 41.916844,-87.753682 41.906142,-87.735572 41.932681,-87.797250 41.924283,-87.796486 41.906571,-87.728864 41.932966,-87.727012 41.938065,-87.740677 41.921097,-87.775620 41.909896,-87.725588 41.910883,-87.717794 41.917444,-87.747452 41.908534,-87.726476 41.917130,-87.729304 41.909387,-87.764921 41.909305,-87.771670 41.906807,-87.719130 41.917822,-87.731477 41.930555,-87.725723 41.924251,-87.745545 41.910362,-87.727568 41.918172,-87.730257 41.935849,-87.767619 41.902272,-87.753630 41.904380,-87.732466 41.905694,-87.716661 41.910174,-87.772739 41.924612,-87.762320 41.917234,-87.720926 41.915926,-87.732626 41.909305,-87.771670 41.913632,-87.764373 41.933868,-87.745416 41.926095,-87.777010 41.907080,-87.724002 41.931995,-87.766271 41.906330,-87.720777 41.934840,-87.772821 41.917858,-87.731476 41.907667,-87.757457 41.935828,-87.765175 41.914282,-87.772207 41.910258,-87.763029 41.930774,-87.718389 41.933606,-87.773618 41.926388,-87.794106 41.909664,-87.742729 41.909385,-87.765064 41.906604,-87.762088 41.913632,-87.764373 41.933395,-87.782124 41.935429,-87.783401 41.909664,-87.742729 41.931583,-87.742773 41.933870,-87.774843 41.919246,-87.746183 41.927861,-87.750252 41.906761,-87.722775 41.936986,-87.748129 41.909792,-87.733404
14,41.921103,-87.697452 41.910754,-87.710088 41.920386,-87.713606 41.937887,-87.717347 41.935920,-87.703859 41.918005,-87.710267 41.909089,-87.669479 41.914067,-87.712708 41.910095,-87.661769 41.913215,-87.708535 41.912433,-87.669393 41.924087,-87.715363 41.929105,-87.697532 41.904013,-87.706825 41.910103,-87.707923 41.909530,-87.707003 41.904788,-87.693093 41.912680,-87.708522 41.932223,-87.683433 41.910725,-87.706781 41.910891,-87.692117 41.913160,-87.700328 41.910677,-87.697013 41.910779,-87.699099 41.903879,-87.695508 41.909548,-87.711896 41.930093,-87.716334 41.903204,-87.691959 41.911281,-87.699116 41.904629,-87.710052 41.922706,-87.681005 41.910677,-87.697013 41.903283,-87.694427 41.916097,-87.702048 41.921449,-87.707187 41.914885,-87.682455 41.915752,-87.688351 41.907305,-87.695695 41.905525,-87.672973 41.923238,-87.705604 41.904802,-87.716185 41.905485,-87.715069 41.910049,-87.712236 41.930664,-87.706160 41.933487,-87.711483 41.932090,-87.698491 41.924813,-87.696693 41.939355,-87.704226 41.904765,-87.695430 41.905829,-87.688333 41.918632,-87.707013 41.925301,-87.712125 41.921874,-87.695682 41.905819,-87.687102 41.937559,-87.699010 41.918022,-87.710267 41.903718,-87.690738 41.905823,-87.683440 41.909816,-87.665232 41.904285,-87.667928 41.910006,-87.715804 41.911503,-87.687251
22,41.691435,-87.668520 41.696142,-87.705936 41.692355,-87.642682 41.729657,-87.653155 41.704262,-87.656961 41.685120,-87.638992 41.729657,-87.653155 41.691867,-87.649662 41.692274,-87.648995 41.711369,-87.669016 41.708281,-87.642870 41.704129,-87.648865 41.726324,-87.637281 41.731354,-87.659285 41.688163,-87.656844 41.684160,-87.662692 41.711961,-87.640545 41.691364,-87.649063 41.735226,-87.644373 41.697089,-87.659848 41.691474,-87.642354 41.716890,-87.640661 41.731550,-87.658078 41.705798,-87.658241 41.713448,-87.663171 41.697253,-87.637682 41.711168,-87.665700 41.724511,-87.643297 41.682226,-87.672640 41.692042,-87.665924 41.727906,-87.653108 41.697192,-87.635288 41.720086,-87.673557 41.687438,-87.700671 41.713822,-87.636958 41.690141,-87.637466 41.697923,-87.675446 41.690919,-87.656932 41.712934,-87.680607 41.719189,-87.654196 41.691783,-87.681623 41.687789,-87.669010 41.725898,-87.657928 41.688286,-87.637409 41.731533,-87.661723 41.694730,-87.652172 41.704371,-87.637902 41.715831,-87.640636 41.729707,-87.647579 41.698597,-87.653604 41.696777,-87.653454 41.694500,-87.684890 41.735564,-87.647282 41.712255,-87.635693 41.721305,-87.655687 41.689899,-87.645952 41.691497,-87.637506 41.691752,-87.685226 41.706070,-87.653646 41.696964,-87.646173 41.691282,-87.719676 41.694744,-87.652176 41.709915,-87.669584 41.706268,-87.660151 41.686539,-87.634942 41.691873,-87.633918 41.705718,-87.702547 41.704527,-87.634315 41.706462,-87.652547 41.697170,-87.646178 41.729915,-87.660458 41.686406,-87.633732 41.706332,-87.642814 41.735735,-87.667084 41.690908,-87.700798 41.688027,-87.667349 41.687963,-87.643457 41.694604,-87.652170 41.724586,-87.634827 41.736009,-87.643621 41.735336,-87.663054 41.727952,-87.657983 41.689731,-87.636251
5,41.692723,-87.604506 41.673869,-87.617692 41.712272,-87.612681 41.683662,-87.625290 41.679035,-87.645606 41.705678,-87.600944 41.697128,-87.624370 41.657912,-87.601321 41.701469,-87.606276 41.673291,-87.642977 41.697959,-87.630985 41.686239,-87.628919 41.699577,-87.608304 41.687867,-87.632577 41.690001,-87.605940 41.692538,-87.626881 41.683235,-87.637255 41.694286,-87.623152 41.688436,-87.607115 41.691438,-87.621035 41.658325,-87.638200 41.654703,-87.607556 41.685352,-87.619919 41.701268,-87.628125 41.693880,-87.612187 41.721206,-87.628655 41.695245,-87.629161 41.707282,-87.615901 41.684780,-87.642144 41.686423,-87.608287 41.716216,-87.603063 41.695799,-87.620785 41.702160,-87.628145 41.653649,-87.614590 41.691641,-87.626382 41.677167,-87.632250 41.658183,-87.613321 41.659134,-87.609135 41.721844,-87.585072 41.697959,-87.630985 41.703787,-87.605199 41.675428,-87.641830 41.685452,-87.610487 41.671721,-87.628481 41.653746,-87.599938 41.654703,-87.607556 41.690061,-87.618201 41.691584,-87.630995 41.684849,-87.659397 41.707112,-87.627556 41.688727,-87.605914 41.693452,-87.626761 41.702612,-87.624584 41.678643,-87.622680 41.681017,-87.626388 41.673548,-87.616796 41.688303,-87.610869 41.712186,-87.615110 41.695513,-87.611015 41.691689,-87.622233 41.686730,-87.615631 41.698074,-87.621598 41.693961,-87.621658 41.656851,-87.607565 41.701438,-87.607401 41.707988,-87.631670 41.710039,-87.611406 41.652336,-87.611355 41.678522,-87.622678 41.656787,-87.597440 41.698906,-87.625672 41.691876,-87.611671 41.693841,-87.613407 41.705896,-87.623486 41.668724,-87.640943 41.666349,-87.622830 41.677045,-87.641883 41.691278,-87.604348 41.677360,-87.641894 41.694003,-87.618278 41.671753,-87.627280 41.706210,-87.626804 41.720781,-87.632311 41.711842,-87.600534 41.706875,-87.628266 41.676735,-87.620472 41.707519,-87.601839 41.657312,-87.598876 41.678836,-87.632295 41.711755,-87.621261 41.704841,-87.602730 41.669840,-87.636835 41.662742,-87.640202 41.710136,-87.608153 41.679682,-87.640584 41.688028,-87.624356 41.697129,-87.624179 41.703025,-87.620694 41.682157,-87.650570 41.689418,-87.632630 41.686574,-87.614410 41.721326,-87.620580 41.715442,-87.618861 41.700360,-87.623327
24,41.999763,-87.671324 41.995596,-87.670192 42.008851,-87.690167 42.018563,-87.687740 42.018265,-87.675845 42.001683,-87.673131 42.005833,-87.669965 41.993559,-87.655496 42.018518,-87.681638 41.996422,-87.691065 42.006589,-87.671712 41.992694,-87.703116 42.020538,-87.666422 41.995462,-87.666122 42.004835,-87.700719 41.996898,-87.685350 42.007117,-87.670007 41.996481,-87.687400 42.002055,-87.670501 41.998318,-87.687459 42.006397,-87.682781 41.992309,-87.658967 41.995367,-87.684902 42.017032,-87.670963 42.001670,-87.673864 41.991705,-87.674033 41.993892,-87.660388 42.007892,-87.666764 42.015609,-87.684189 42.016907,-87.675366 41.998349,-87.706993 42.018496,-87.675942 42.012243,-87.686689 42.014494,-87.690228 42.005637,-87.673186 42.002045,-87.689993 42.005362,-87.671500 42.006681,-87.698578 41.997212,-87.655604 41.998803,-87.666767 42.011799,-87.682899 42.001275,-87.695250 41.996335,-87.664659 41.999394,-87.699390 41.998102,-87.668489 42.017759,-87.670963 42.002478,-87.669297 42.019375,-87.671730 42.017233,-87.681648 41.999362,-87.667994 42.016042,-87.668685 42.021174,-87.673489 42.019879,-87.668247 42.002226,-87.680278 42.019232,-87.667040 41.993588,-87.663765 42.011588,-87.664455 41.998005,-87.674409 42.020079,-87.668245 41.993075,-87.703127 41.996438,-87.698382
16,41.974094,-87.766149 41.938226,-87.791584 41.949722,-87.750936 41.976282,-87.841542 41.976496,-87.905108 41.982879,-87.791441 41.939697,-87.750156 41.978558,-87.836589 41.999556,-87.811044 41.950252,-87.782542 41.953900,-87.907473 41.967632,-87.762006 41.982879,-87.791441 41.944884,-87.747032 41.968596,-87.774537 41.981356,-87.808030 41.979006,-87.906463 41.949654,-87.807158 41.974474,-87.809826 41.941333,-87.765130 41.949030,-87.759478 41.982879,-87.791441 41.939916,-87.825160 41.953900,-87.907473 41.976421,-87.904976 41.938379,-87.781681 41.945348,-87.766737 41.960262,-87.783529 41.979006,-87.906463 41.948758,-87.817742 41.976029,-87.842596 41.995275,-87.787502 41.946020,-87.805806 41.976763,-87.900984 41.999697,-87.814943 41.974697,-87.774560 41.957938,-87.751265 41.961202,-87.748772 41.945908,-87.797220 41.980977,-87.906516 41.975941,-87.769780 41.953628,-87.779241 41.945644,-87.807018 41.942848,-87.769086 41.944456,-87.766708 41.957253,-87.778139 41.945994,-87.803336 41.971562,-87.758794 41.953900,-87.907473 41.938477,-87.774090 41.945225,-87.750436 42.002950,-87.816425 41.952587,-87.771868 41.945076,-87.757877 41.966827,-87.770732 41.939598,-87.757835 41.958251,-87.752417 41.957416,-87.751696 41.948099,-87.786350 41.958230,-87.759777 41.952252,-87.765551 41.948979,-87.757011 41.958053,-87.767162 41.955163,-87.754011 41.946421,-87.747087 41.979006,-87.906463
8,41.778987,-87.708864 41.794052,-87.762347 41.795866,-87.769721 41.754593,-87.741529 41.783425,-87.709375 41.782352,-87.719197 41.777211,-87.698847 41.809197,-87.706429 41.750031,-87.683445 41.787755,-87.692415 41.791798,-87.697956 41.773624,-87.694795 41.768244,-87.689057 41.796215,-87.718339 41.781990,-87.688600 41.742724,-87.688480 41.741271,-87.731358 41.805150,-87.718807 41.764152,-87.683229 41.778639,-87.688513 41.764671,-87.684844 41.776764,-87.695776 41.781916,-87.691032 41.778341,-87.703122 41.777540,-87.790328 41.776429,-87.695765 41.760109,-87.685565 41.809048,-87.706427 41.786421,-87.692802 41.777653,-87.782866 41.763680,-87.685661 41.744474,-87.733926 41.779925,-87.700727 41.768229,-87.689918 41.749542,-87.715274 41.779216,-87.686674 41.762365,-87.683178 41.771984,-87.682714 41.793074,-87.692563 41.779184,-87.688826 41.780748,-87.769160 41.779040,-87.698573 41.746887,-87.702312 41.798470,-87.708599 41.793233,-87.794050 41.779202,-87.687660 41.777224,-87.758108 41.791715,-87.767154 41.778324,-87.747686 41.790104,-87.690345 41.754593,-87.741529 41.790348,-87.767100 41.778751,-87.781306 41.793088,-87.682270 41.779128,-87.692618 41.776530,-87.703081 41.806882,-87.750474 41.760401,-87.710035 41.748849,-87.688932 41.760447,-87.681804 41.762420,-87.683181 41.762261,-87.692965 41.779112,-87.693696 41.778729,-87.683628 41.794327,-87.707253 41.789939,-87.781716 41.764210,-87.683229 41.788965,-87.723047 41.785749,-87.692358 41.802468,-87.716592 41.790812,-87.697379 41.764139,-87.719243 41.775362,-87.759870 41.773414,-87.709032 41.735829,-87.725107 41.777597,-87.786720 41.761918,-87.681841 41.797483,-87.757553 41.747772,-87.715294 41.778660,-87.693381 41.780595,-87.683676 41.795808,-87.761771 41.740649,-87.703377 41.788279,-87.690503 41.814588,-87.704231 41.744138,-87.727916 41.772969,-87.696895 41.787900,-87.781642 41.799774,-87.730701 41.797642,-87.762455 41.745022,-87.715731 41.777781,-87.703109 41.789460,-87.685137 41.784580,-87.693851 41.777877,-87.770670 41.801342,-87.744216 41.777190,-87.759993 41.786300,-87.700188 41.775012,-87.680960 41.763768,-87.690560 41.793959,-87.800861 41.766469,-87.722454 41.812589,-87.709056 41.771737,-87.698429 41.783557,-87.732679 41.759741,-87.708293 41.810636,-87.745686 41.762173,-87.685621 41.785478,-87.700889 41.804896,-87.743090 41.784112,-87.688652 41.793116,-87.733272 41.778490,-87.683623 41.809663,-87.711457 41.774495,-87.696935 41.786159,-87.709015 41.780020,-87.701947 41.774256,-87.740945 41.766075,-87.680747 41.790544,-87.780130 41.775125,-87.685967 41.767410,-87.690652 41.771912,-87.687539 41.770478,-87.734744 41.774992,-87.692065 41.758815,-87.680538 41.796087,-87.723243 41.779882,-87.703965 41.792836,-87.755845 41.787031,-87.745385 41.786359,-87.696528 41.798037,-87.747265 41.804161,-87.727491
18,41.903242,-87.643352 41.903142,-87.630776 41.921648,-87.659913 41.896923,-87.625701 41.896671,-87.628595 41.888676,-87.636913 41.893502,-87.632652 41.908431,-87.638510 41.891303,-87.628055 41.897895,-87.624097 41.920506,-87.665514 41.909262,-87.652769 41.893647,-87.631177 41.891405,-87.628062 41.888994,-87.626935 41.922451,-87.632206 41.905573,-87.638419 41.898083,-87.641362 41.917097,-87.636340 41.892381,-87.634636 41.905834,-87.638427 41.902523,-87.631407 41.908563,-87.628802 41.890812,-87.631682 41.925284,-87.658967 41.891405,-87.628062 41.906243,-87.633001 41.896083,-87.629766 41.896889,-87.628203 41.898768,-87.624116 41.922752,-87.647456 41.906088,-87.642796 41.891062,-87.617043 41.919119,-87.644919 41.904370,-87.631460 41.894057,-87.629237 41.888778,-87.632512 41.893893,-87.615128 41.891537,-87.637635 41.909168,-87.647087 41.890310,-87.628018 41.925084,-87.673198 41.905527,-87.639312 41.909799,-87.652036 41.904370,-87.631460 41.893282,-87.627596 41.903113,-87.643199 41.909699,-87.638547 41.896343,-87.624279 41.898176,-87.643546 41.899410,-87.624131 41.894935,-87.638542 41.890014,-87.631665 41.902085,-87.641168 41.922402,-87.652299 41.895675,-87.628569 41.901133,-87.629905 41.891582,-87.634538 41.892650,-87.629682 41.909799,-87.652014 41.897961,-87.632081 41.900731,-87.640051 41.900870,-87.624185 41.899341,-87.641995 41.899410,-87.624131 41.897128,-87.638694 41.911601,-87.633155 41.889463,-87.624223 41.897983,-87.624096 41.913070,-87.634771 41.898225,-87.641217 41.895765,-87.622173 41.891791,-87.620917 41.922451,-87.632206 41.904370,-87.631460 41.899172,-87.626507
12,41.862977,-87.656973 41.889451,-87.641220 41.885882,-87.660777 41.893352,-87.649265 41.868220,-87.664047 41.866099,-87.659916 41.902320,-87.687009 41.893694,-87.667222 41.857131,-87.651542 41.864277,-87.659910 41.865194,-87.660010 41.878255,-87.686356 41.897629,-87.683034 41.883576,-87.681583 41.879873,-87.684870 41.854121,-87.667479 41.888526,-87.644322 41.874033,-87.677068 41.903425,-87.661945 41.894901,-87.682860 41.879956,-87.680041 41.887058,-87.647515 41.873920,-87.684182 41.857893,-87.660193 41.881181,-87.685158 41.887483,-87.645134 41.856710,-87.679283 41.877566,-87.684894 41.900210,-87.695420 41.866860,-87.667012 41.852542,-87.653221 41.885907,-87.701343 41.882215,-87.677723 41.895878,-87.706567 41.900996,-87.670401 41.866944,-87.659860 41.864308,-87.658269 41.892443,-87.666295 41.895561,-87.705868 41.899706,-87.698048 41.894388,-87.658701 41.890548,-87.653446 41.865690,-87.684691 41.883091,-87.650521 41.852240,-87.671550 41.892122,-87.685929 41.893202,-87.675194 41.901740,-87.679661 41.856470,-87.666111 41.871022,-87.683712 41.864022,-87.676991 41.859561,-87.670073 41.884411,-87.653698 41.862937,-87.650919 41.877566,-87.684894 41.880420,-87.651331 41.877494,-87.674712 41.881259,-87.680421 41.883937,-87.683309 41.884468,-87.650473 41.894157,-87.673200 41.887309,-87.681699 41.902686,-87.667474 41.895699,-87.691112 41.902010,-87.695009 41.880082,-87.672339 41.901678,-87.696849 41.882994,-87.655949 41.898319,-87.675898 41.857895,-87.660168 41.887617,-87.680297 41.882365,-87.667971 41.885312,-87.667574 41.868714,-87.683647 41.887117,-87.648678 41.864279,-87.659734 41.877613,-87.647234 41.881950,-87.647367 41.902626,-87.672368 41.889998,-87.656459 41.876351,-87.666881 41.881787,-87.646778 41.866993,-87.656985 41.884249,-87.667743 41.890119,-87.645095 41.892928,-87.693160 41.886671,-87.683406 41.883937,-87.683287 41.857595,-87.681858 41.883533,-87.688543 41.881184,-87.685081 41.883009,-87.685162
11,41.873582,-87.705488 41.898008,-87.726164 41.878279,-87.714769 41.881026,-87.728131 41.892398,-87.722324 41.900017,-87.726226 41.871563,-87.698488 41.877932,-87.729369 41.875893,-87.704386 41.892398,-87.722324 41.879630,-87.736605 41.875196,-87.731072 41.901525,-87.727497 41.875228,-87.728700 41.877932,-87.729369 41.883342,-87.727544 41.889952,-87.716530 41.879294,-87.741239 41.901315,-87.725042 41.872041,-87.719716 41.900790,-87.729631 41.869823,-87.724191 41.883319,-87.729388 41.873511,-87.720554 41.880748,-87.723882 41.885359,-87.736919 41.875037,-87.743789 41.869292,-87.691788 41.899922,-87.720122 41.876862,-87.743809 41.883612,-87.706837 41.880718,-87.726383 41.881947,-87.734079 41.881058,-87.697990 41.869447,-87.744861 41.883319,-87.729487 41.880718,-87.726408 41.877253,-87.696188 41.902028,-87.731206 41.881891,-87.721436 41.888840,-87.714899 41.880747,-87.724153 41.895866,-87.731033 41.894231,-87.722376 41.881089,-87.720764 41.872118,-87.713165 41.874121,-87.743930 41.880991,-87.704637 41.889974,-87.715075 41.872872,-87.696962 41.899587,-87.720110 41.874249,-87.734092 41.868181,-87.709271 41.891397,-87.744572 41.873806,-87.694728 41.876107,-87.731057 41.896310,-87.733511 41.873621,-87.711392 41.872819,-87.701824 41.897957,-87.723718 41.902371,-87.745007 41.891829,-87.713012 41.878982,-87.698690 41.879695,-87.731155 41.879750,-87.726550 41.876729,-87.723094 41.885490,-87.726444 41.875318,-87.721407 41.897562,-87.711501 41.871908,-87.701840 41.877268,-87.711537 41.880653,-87.731862 41.869492,-87.710643 41.876166,-87.726580 41.893658,-87.713159 41.884546,-87.737334 41.885488,-87.726422 41.889108,-87.723464 41.869330,-87.687341 41.884931,-87.716222 41.884073,-87.722102 41.874060,-87.705924 41.878941,-87.701147 41.880991,-87.704637 41.900912,-87.736102 41.879632,-87.736557 41.899186,-87.707383 41.895491,-87.713156 41.866245,-87.719735 41.897776,-87.711510 41.872846,-87.699217 41.870741,-87.723499 41.866532,-87.693927 41.895429,-87.719573 41.869055,-87.710629 41.885345,-87.710000 41.879812,-87.721662 41.883627,-87.726983 41.884672,-87.726327 41.866202,-87.723040 41.894453,-87.715061 41.875890,-87.710838 41.869993,-87.711442 41.875041,-87.743466 41.873517,-87.701006 41.871706,-87.696041 41.874851,-87.735273 41.869430,-87.738246 41.879630,-87.736682 41.886866,-87.736589 41.885488,-87.726422 41.900041,-87.721344 41.871729,-87.716922 41.885392,-87.706632 41.886862,-87.736865 41.894318,-87.745783 41.894506,-87.707744 41.894128,-87.713834 41.881837,-87.709322 41.875132,-87.736173 41.880991,-87.704637 41.902366,-87.716855 41.879243,-87.697255 41.900916,-87.718147 41.898872,-87.734898 41.885384,-87.707227 41.879783,-87.724030 41.893721,-87.707069 41.880751,-87.723856 41.894479,-87.716284 41.879134,-87.710949 41.869447,-87.744861 41.872555,-87.724062 41.877108,-87.724041 41.871563,-87.696039 41.869292,-87.691788 41.866286,-87.716203 41.871730,-87.718552 41.873635,-87.710081 41.875890,-87.710838 41.900156,-87.731150 41.891861,-87.709717 41.871025,-87.699510 41.880966,-87.706720 41.866202,-87.723040 41.868181,-87.709271 41.870014,-87.726102 41.867182,-87.716947
7,41.779632,-87.660887 41.767494,-87.671172 41.768348,-87.646926 41.784254,-87.653407 41.789538,-87.668115 41.791565,-87.663290 41.789497,-87.672963 41.787587,-87.652276 41.764881,-87.635871 41.769185,-87.625732 41.773190,-87.671330 41.786874,-87.655550 41.791583,-87.634082 41.789695,-87.648686 41.767796,-87.632280 41.789857,-87.662039 41.789839,-87.669333 41.782433,-87.664290 41.764682,-87.641533 41.778909,-87.650839 41.782424,-87.667928 41.789846,-87.652336 41.771170,-87.659136 41.760647,-87.652784 41.782593,-87.669147 41.765997,-87.663823 41.782425,-87.650930 41.771177,-87.637298 41.769185,-87.625732 41.769484,-87.656661 41.764584,-87.643011 41.769897,-87.661528 41.787609,-87.648631 41.762445,-87.645552 41.773959,-87.668239 41.760942,-87.640649 41.775748,-87.670589 41.769478,-87.666372 41.785952,-87.658306 41.762362,-87.664968 41.793123,-87.670630 41.761043,-87.663684 41.769867,-87.645747 41.786574,-87.642522 41.767141,-87.636462 41.780542,-87.669091 41.777310,-87.640803 41.777575,-87.637471 41.765356,-87.673547 41.786514,-87.642523 41.780510,-87.642627 41.786226,-87.654670 41.767088,-87.639941 41.776591,-87.676270 41.790592,-87.650319 41.767720,-87.667537 41.760661,-87.649148 41.793705,-87.661306 41.790589,-87.650366 41.779777,-87.643009 41.769686,-87.651809 41.759219,-87.652748 41.769185,-87.625732 41.773035,-87.674953 41.760886,-87.630079 41.786729,-87.665999 41.764128,-87.655328 41.759249,-87.638468 41.779308,-87.674442 41.778516,-87.670274 41.791699,-87.669379 41.783847,-87.674025 41.775440,-87.633315 41.768132,-87.661481 41.791216,-87.675439 41.779744,-87.645319 41.765077,-87.652422 41.769765,-87.661526 41.778680,-87.670280 41.769183,-87.625769 41.786260,-87.665596 41.779121,-87.656919 41.780824,-87.636050 41.791625,-87.675453 41.786053,-87.648596 41.778671,-87.640836 41.764703,-87.662191 41.765141,-87.648536 41.758054,-87.635974 41.790485,-87.657746 41.786702,-87.636437 41.769848,-87.648163 41.765453,-87.628746 41.785797,-87.672865 41.786190,-87.642515 41.767191,-87.627177 41.786967,-87.649111 41.764086,-87.658008 41.771154,-87.667630 41.766419,-87.646877 41.771491,-87.656717 41.793876,-87.649323 41.769970,-87.628286 41.768145,-87.650557 41.790009,-87.647479 41.773243,-87.665313 41.777449,-87.637465 41.771384,-87.662781 41.775519,-87.654390
3,41.766431,-87.605748 41.773485,-87.573221 41.766109,-87.572909 41.776239,-87.603401 41.778384,-87.604657 41.773810,-87.588805 41.771041,-87.621430 41.770480,-87.620245 41.771068,-87.583800 41.761672,-87.567646 41.762695,-87.561289 41.770578,-87.617000 41.770253,-87.618598 41.779277,-87.615601 41.760090,-87.590837 41.781557,-87.612056 41.777919,-87.613153 41.768057,-87.568688 41.782102,-87.586502 41.785246,-87.615748 41.784041,-87.606877 41.783455,-87.613274 41.762822,-87.561409 41.771677,-87.572388 41.777838,-87.615566 41.768789,-87.625513 41.764296,-87.562802 41.771524,-87.582204 41.777836,-87.600395 41.759501,-87.619949 41.768789,-87.625513 41.766804,-87.605620 41.764727,-87.564458 41.779359,-87.600433 41.763692,-87.597008 41.766264,-87.573552 41.761087,-87.586200 41.765265,-87.609211 41.783940,-87.612623 41.761910,-87.574959 41.772676,-87.568322 41.765882,-87.573853 41.762575,-87.570564 41.778602,-87.605241 41.761295,-87.616769 41.766837,-87.575096 41.772854,-87.588743 41.761432,-87.590869 41.783379,-87.605997 41.778322,-87.586403 41.761822,-87.590883 41.776164,-87.610705 41.780377,-87.630170 41.783457,-87.602755 41.764939,-87.614038 41.774425,-87.600929 41.770969,-87.586268 41.782102,-87.586502 41.776249,-87.605836 41.774371,-87.607052 41.783299,-87.607248 41.759579,-87.563152 41.759551,-87.607868 41.761405,-87.616772 41.765163,-87.624897 41.768967,-87.594015 41.767826,-87.591660 41.766947,-87.576322 41.760796,-87.567125 41.764285,-87.580928 41.763292,-87.589810 41.783269,-87.613273 41.768789,-87.625513 41.768033,-87.570899 41.759327,-87.586154 41.759863,-87.610287 41.758278,-87.622330 41.772840,-87.575256 41.762153,-87.567655 41.765296,-87.612832 41.763094,-87.620026 41.759290,-87.618331 41.770908,-87.575205 41.765764,-87.586318 41.773110,-87.586295 41.775004,-87.601744 41.768762,-87.618560 41.785309,-87.606037 41.780946,-87.621995 41.774319,-87.605795 41.762485,-87.578893 41.764971,-87.561511 41.764582,-87.561127 41.777838,-87.615566 41.761602,-87.606701 41.770128,-87.615377 41.775933,-87.605832 41.769669,-87.588868 41.763127,-87.609158 41.770183,-87.620237 41.760576,-87.587818 41.775140,-87.590018 41.783027,-87.613264 41.771640,-87.575574 41.766997,-87.589474 41.767120,-87.573879 41.774356,-87.602147 41.767020,-87.595181 41.777635,-87.615561 41.761627,-87.592095 41.766248,-87.575997 41.767839,-87.590183 41.759690,-87.574916 41.765025,-87.576275 41.771674,-87.572407
4,41.707933,-87.568349 41.751034,-87.550376 41.730028,-87.555039 41.727201,-87.574258 41.718613,-87.552400 41.722503,-87.572635 41.734898,-87.552760 41.751825,-87.559268 41.744666,-87.550989 41.709320,-87.566946 41.751037,-87.550351 41.753569,-87.564503 41.718784,-87.536494 41.709085,-87.531662 41.742238,-87.562440 41.756330,-87.552716 41.702737,-87.535974 41.749330,-87.581631 41.721720,-87.555209 41.754765,-87.561443 41.723590,-87.537075 41.732769,-87.564678 41.754677,-87.562654 41.751587,-87.577599 41.740482,-87.556341 41.740270,-87.561192 41.750678,-87.593034 41.707360,-87.541341 41.735835,-87.580546 41.749317,-87.577160 41.652910,-87.536256 41.755145,-87.584055 41.714931,-87.562187 41.722294,-87.552454 41.749534,-87.556492 41.720900,-87.554577 41.705948,-87.560855 41.756617,-87.562689 41.756732,-87.563901 41.733227,-87.544364 41.719752,-87.567866 41.758670,-87.555781 41.676787,-87.540021 41.714315,-87.573197 41.732810,-87.554086 41.703776,-87.563243 41.732410,-87.583931 41.733221,-87.552718 41.751708,-87.568146 41.749683,-87.583056 41.755186,-87.580646 41.734530,-87.559663 41.703602,-87.535286 41.701789,-87.541347 41.754172,-87.552581 41.737264,-87.560612 41.662423,-87.549544 41.754360,-87.576045 41.756650,-87.561475 41.741679,-87.551509 41.747321,-87.591742 41.712981,-87.551062 41.725473,-87.565680 41.749114,-87.577155 41.731312,-87.595367 41.755400,-87.563272 41.758102,-87.563928 41.738508,-87.561169 41.702684,-87.525274 41.735055,-87.544412 41.757195,-87.564573 41.669415,-87.559257 41.743454,-87.577390 41.734825,-87.554142 41.728955,-87.576736 41.757560,-87.557613 41.719138,-87.549247 41.701833,-87.563215 41.707403,-87.582529 41.736794,-87.552803 41.728614,-87.597361 41.744519,-87.555630 41.740646,-87.545387 41.744072,-87.550303 41.743887,-87.570980 41.751648,-87.572717 41.691854,-87.538126 41.733245,-87.547002 41.758231,-87.563930 41.751951,-87.549962 41.729102,-87.557636 41.752373,-87.569901 41.647136,-87.544186 41.734995,-87.545779 41.753054,-87.566257 41.756920,-87.589092 41.744423,-87.546679 41.752794,-87.565040 41.738588,-87.563604 41.653002,-87.548385 41.733089,-87.552712 41.726966,-87.600959 41.722417,-87.536112 41.754545,-87.562651 41.714724,-87.552344 41.714826,-87.535279 41.658361,-87.539885 41.709104,-87.534079 41.736994,-87.545828 41.703774,-87.564456 41.750972,-87.580039 41.730554,-87.585066 41.732645,-87.563459 41.750054,-87.555893 41.757022,-87.558073 41.755179,-87.555794 41.696412,-87.540080 41.751458,-87.552893 41.737414,-87.548768 41.736824,-87.592186 41.749141,-87.554060 41.752607,-87.587119 41.756496,-87.552894 41.702314,-87.563224 41.752416,-87.577226 41.736426,-87.555562 41.754724,-87.554667 41.747297,-87.560092 41.758571,-87.561511 41.702121,-87.541346 41.696348,-87.530458 41.747376,-87.551480 41.722108,-87.600974 41.722363,-87.583820 41.732599,-87.585555 41.651163,-87.547159 41.729172,-87.554562 41.750989,-87.577192 41.745809,-87.547926 41.751026,-87.563797 41.757174,-87.565904 41.728853,-87.554119 41.740657,-87.544185 41.700944,-87.539779 41.715318,-87.566732 41.742477,-87.544222 41.736422,-87.551408 41.751753,-87.564521 41.752910,-87.580900
6,41.752137,-87.644229 41.732983,-87.605983 41.734724,-87.611448 41.738991,-87.642677 41.735680,-87.608572 41.740612,-87.646181 41.725301,-87.604557 41.751330,-87.601030 41.757931,-87.602920 41.752193,-87.662340 41.747635,-87.604363 41.750332,-87.665155 41.747079,-87.601427 41.752259,-87.600360 41.751994,-87.640415 41.751928,-87.644077 41.742621,-87.607344 41.748062,-87.664592 41.750561,-87.649409 41.739005,-87.637639 41.724764,-87.627535 41.724438,-87.620663 41.749381,-87.609554 41.755259,-87.649015 41.742124,-87.604286 41.744850,-87.602577 41.738822,-87.640923 41.757623,-87.610235 41.758626,-87.601263 41.726303,-87.628786 41.753339,-87.665941 41.755273,-87.641718 41.748644,-87.606378 41.737256,-87.648514 41.753519,-87.658668 41.751928,-87.644077 41.744178,-87.662068 41.749899,-87.663426 41.755441,-87.640503 41.749453,-87.656138 41.756213,-87.610203 41.752133,-87.641638 41.747991,-87.641525 41.753252,-87.646537 41.735931,-87.653642 41.745864,-87.654828 41.746692,-87.665002 41.757837,-87.621525 41.751165,-87.612199 41.743090,-87.619552 41.749445,-87.605885 41.723674,-87.607748 41.756162,-87.626326 41.755422,-87.640503 41.750776,-87.634550 41.750832,-87.605225 41.754169,-87.601636 41.721878,-87.614999 41.750561,-87.649409 41.750683,-87.613699 41.750433,-87.607637 41.749501,-87.667062 41.747966,-87.658525 41.747665,-87.654875 41.757073,-87.666687 41.722854,-87.605669 41.755130,-87.652648 41.740902,-87.639941 41.745079,-87.605063 41.757204,-87.646638 41.735817,-87.661286 41.757806,-87.600495 41.746626,-87.608743 41.721627,-87.624485 41.736265,-87.627930 41.750772,-87.624538 41.740919,-87.631968 41.751649,-87.664680 41.747109,-87.608759 41.732983,-87.605983 41.751713,-87.648921 41.753624,-87.647757 41.749800,-87.667066 41.723535,-87.625380 41.732063,-87.606408 41.754169,-87.601636 41.756959,-87.675994 41.758052,-87.636018 41.756803,-87.601148 41.753340,-87.661903 41.758362,-87.617682 41.749619,-87.669480 41.744155,-87.653567 41.758480,-87.611145 41.735705,-87.669480 41.741949,-87.617054 41.746673,-87.626918 41.743555,-87.630906 41.735931,-87.653642 41.750742,-87.625814 41.746452,-87.629379 41.746410,-87.642703 41.755760,-87.636860 41.746141,-87.652406 41.746141,-87.652406 41.745218,-87.643112 41.756454,-87.622431 41.754314,-87.640970 41.747196,-87.602638 41.740990,-87.631971 41.741342,-87.614657 41.755967,-87.653171 41.750437,-87.657810 41.745803,-87.604494 41.737463,-87.614554 41.745285,-87.605068 41.751328,-87.601228 41.724842,-87.630084 41.757669,-87.621523 41.723681,-87.616308 41.752188,-87.662486 41.742604,-87.609839 41.742970,-87.613085 41.750111,-87.644031 41.750477,-87.601524 41.756770,-87.604546
10,41.856685,-87.708382 41.836955,-87.720103 41.854999,-87.726953 41.841948,-87.724489 41.854931,-87.704129 41.843465,-87.730607 41.849994,-87.702027 41.841795,-87.709840 41.851443,-87.731747 41.854333,-87.723578 41.852019,-87.670929 41.849546,-87.701517 41.850134,-87.675786 41.865410,-87.706857 41.854342,-87.717547 41.860040,-87.707926 41.862818,-87.718288 41.847698,-87.691362 41.851589,-87.721571 41.832571,-87.704686 41.845362,-87.720918 41.848850,-87.735541 41.855959,-87.715124 41.834224,-87.726723 41.836385,-87.727987 41.854313,-87.713697 41.847475,-87.723412 41.851431,-87.724755 41.862952,-87.706481 41.858195,-87.704828 41.854644,-87.705336 41.865181,-87.711691 41.844685,-87.695418 41.860067,-87.710367 41.851794,-87.703117 41.858530,-87.713976 41.862898,-87.711224 41.839586,-87.732937 41.847372,-87.703891 41.845456,-87.722143 41.859810,-87.705484 41.863750,-87.716561 41.861530,-87.731149 41.860146,-87.726214 41.865394,-87.722710 41.841869,-87.709843 41.848626,-87.675511 41.840205,-87.718340 41.852577,-87.712356 41.846041,-87.727353 41.849314,-87.705179 41.855525,-87.697854 41.849254,-87.702724 41.858264,-87.727381 41.852732,-87.701390 41.837406,-87.695670 41.844212,-87.680529 41.860067,-87.710367 41.843384,-87.715979 41.836315,-87.717012 41.858291,-87.707874 41.861940,-87.728715 41.838091,-87.702404 41.863580,-87.694554 41.864218,-87.702173 41.864138,-87.705603 41.844768,-87.729431 41.846043,-87.727268 41.861984,-87.706762 41.853810,-87.691513 41.839974,-87.730515 41.858967,-87.715510 41.850061,-87.680686 41.865472,-87.723931 41.858674,-87.738566 41.864352,-87.724456 41.850811,-87.685608 41.865658,-87.723933 41.858963,-87.715947 41.848947,-87.706386 41.856016,-87.719969 41.858256,-87.723692 41.835947,-87.734046 41.851875,-87.697435 41.860129,-87.706710 41.859807,-87.721327
1,41.858373,-87.627356 41.885740,-87.631591 41.874411,-87.639106 41.884013,-87.627897 41.865147,-87.625780 41.884089,-87.635365 41.882526,-87.624384 41.883219,-87.626819 41.871346,-87.627515 41.876488,-87.624278 41.878631,-87.636673 41.882526,-87.624384 41.876212,-87.641007 41.883211,-87.629907 41.876121,-87.641004 41.853931,-87.623841 41.869048,-87.624126 41.880152,-87.638676 41.854964,-87.627133 41.871191,-87.625923 41.882334,-87.627842 41.885384,-87.629487 41.884498,-87.625839 41.876608,-87.627644 41.866217,-87.621624 41.878639,-87.627691 41.838916,-87.623251 41.868542,-87.639235 41.880131,-87.641141 41.879501,-87.626804 41.857562,-87.619451 41.878639,-87.627691 41.881848,-87.641772 41.871790,-87.633564 41.878402,-87.641086 41.878227,-87.626807 41.878931,-87.639586 41.887813,-87.620547 41.840681,-87.623265 41.875233,-87.627619 41.880367,-87.624353 41.882094,-87.635314 41.881944,-87.634195 41.881066,-87.632339 41.888165,-87.622937 41.885740,-87.631591 41.878639,-87.627691 41.882540,-87.627851 41.879890,-87.630832 41.883500,-87.627877 41.871371,-87.627514 41.884216,-87.635371 41.880556,-87.641922 41.882471,-87.627848 41.884770,-87.615751 41.874363,-87.643013 41.878706,-87.636937 41.866832,-87.639235 41.880324,-87.635271 41.868165,-87.627440 41.874482,-87.633994 41.888165,-87.622937 41.882457,-87.627848 41.882471,-87.627848 41.843879,-87.620433 41.883500,-87.627877 41.882334,-87.627842 41.853005,-87.618782
9,41.837394,-87.646408 41.809060,-87.635139 41.820991,-87.695921 41.803298,-87.653195 41.802523,-87.643715 41.812206,-87.669036 41.800821,-87.653830 41.796248,-87.676799 41.819672,-87.701958 41.806857,-87.659165 41.813312,-87.666324 41.827288,-87.632112 41.830132,-87.639999 41.802523,-87.643715 41.796248,-87.676799 41.800821,-87.653830 41.809641,-87.665001 41.795300,-87.654893 41.825008,-87.632694 41.806353,-87.658830 41.804596,-87.634443 41.813013,-87.699254 41.836385,-87.665710 41.810836,-87.631616 41.796088,-87.687766 41.799676,-87.650461 41.820819,-87.702944 41.833595,-87.641305 41.802609,-87.652660 41.809125,-87.631907 41.837983,-87.650920 41.801042,-87.690837 41.809452,-87.697910 41.814857,-87.669991 41.818110,-87.644560 41.840726,-87.645129 41.842798,-87.660454 41.793914,-87.674604 41.846085,-87.657532 41.795167,-87.646365 41.835506,-87.645001 41.831595,-87.651868 41.830954,-87.630703 41.807651,-87.643080 41.804620,-87.684368 41.827797,-87.631435 41.813142,-87.701695 41.809093,-87.632842 41.837278,-87.666406 41.807651,-87.643080 41.816322,-87.631190 41.795089,-87.667045 41.827717,-87.694750 41.816398,-87.632818 41.834879,-87.679087 41.827850,-87.704549 41.828120,-87.669121 41.846417,-87.646466 41.836079,-87.657494 41.836414,-87.649656 41.810053,-87.665012 41.810240,-87.685691 41.804620,-87.684368 41.798326,-87.689045 41.803432,-87.643815 41.795004,-87.660969 41.801061,-87.689751 41.816776,-87.687140 41.825636,-87.685407 41.813347,-87.633485 41.856112,-87.631845 41.794749,-87.687732 41.822982,-87.632529 41.815669,-87.701671 41.817274,-87.634353 41.841640,-87.654452 41.800533,-87.665973 41.812928,-87.691896 41.843723,-87.657149 41.794241,-87.650320 41.819108,-87.632733 41.810207,-87.687697 41.805902,-87.656388 41.798754,-87.653775 41.799741,-87.648072 41.795065,-87.665828 41.836385,-87.665710 41.827213,-87.637422 41.826758,-87.632536 41.800292,-87.668403 41.830373,-87.676806 41.811454,-87.689413 41.808275,-87.694510 41.808389,-87.687518 41.801458,-87.654410 41.806239,-87.657613 41.807717,-87.688082 41.810351,-87.672936 41.819610,-87.690358 41.823436,-87.689010 41.809506,-87.700352 41.794614,-87.645168 41.834124,-87.669073 41.818649,-87.631267 41.811345,-87.668692 41.826030,-87.632815 41.844452,-87.646432 41.805968,-87.673410 41.806677,-87.675456 41.834124,-87.669073
2,41.830702,-87.623395 41.810510,-87.607821 41.809670,-87.594428 41.810729,-87.601726 41.816888,-87.600148 41.814514,-87.608308 41.809670,-87.594428 41.826467,-87.625307 41.822645,-87.628585 41.793970,-87.624070 41.795630,-87.624110 41.793632,-87.619196 41.786876,-87.617405 41.792445,-87.622407 41.817917,-87.621443 41.794672,-87.623571 41.793840,-87.620368 41.813183,-87.605719 41.790375,-87.617491 41.792885,-87.623473 41.810611,-87.593537 41.803085,-87.619433 41.792607,-87.598104 41.823822,-87.617815 41.809067,-87.599254 41.786945,-87.615787 41.802111,-87.606401 41.816598,-87.619070 41.820248,-87.616021 41.802188,-87.604185 41.814736,-87.622377 41.792211,-87.624023 41.814539,-87.606679 41.811362,-87.605879 41.792544,-87.615923 41.824938,-87.621630 41.814740,-87.622128 41.812374,-87.604433 41.809670,-87.594428 41.816005,-87.619777 41.795991,-87.630542 41.793936,-87.625680 41.794644,-87.582524 41.809319,-87.620559 41.823798,-87.619757 41.804902,-87.624346 41.799193,-87.587774 41.837710,-87.618252 41.794323,-87.624781 41.809504,-87.608552 41.812336,-87.599323 41.785438,-87.604423 41.794759,-87.585398 41.810453,-87.593348 41.797690,-87.622544 41.823126,-87.602726 41.826481,-87.624034 41.834691,-87.613706 41.810347,-87.612907 41.830979,-87.606001 41.827449,-87.618986 41.800620,-87.584413 41.790974,-87.598064 41.795948,-87.620876 41.792647,-87.594869 41.816455,-87.598557 41.810325,-87.609004 41.831086,-87.618740 41.797981,-87.617685 41.808804,-87.611439 41.794373,-87.580433 41.795192,-87.588158 41.819468,-87.608414 41.815630,-87.621381 41.833139,-87.615319 41.823835,-87.616924 41.814163,-87.603994 41.801853,-87.630046 41.816524,-87.623968 41.801790,-87.593458 41.825642,-87.617564 41.823823,-87.617628 41.813183,-87.605719 41.796184,-87.582561 41.787427,-87.621792 41.809876,-87.616602 41.797720,-87.617677 41.805613,-87.590568 41.809622,-87.598533 41.832156,-87.626668 41.812714,-87.603963 41.795868,-87.625732 41.797573,-87.601263 41.793936,-87.625680
15,41.880083,-87.768200 41.880237,-87.745269 41.877557,-87.755755 41.868230,-87.774229 41.897673,-87.751996 41.870229,-87.747924 41.892860,-87.770984 41.899122,-87.753250 41.888179,-87.757797 41.885733,-87.746214 41.884771,-87.758900 41.900450,-87.752504 41.897299,-87.767908 41.879276,-87.763047 41.874785,-87.760161 41.872225,-87.744935 41.883056,-87.751306 41.882810,-87.771877 41.869348,-87.745780 41.880851,-87.747739 41.896823,-87.746759 41.874064,-87.745583 41.876670,-87.754026 41.900439,-87.753635 41.875475,-87.754882 41.891978,-87.763452 41.894883,-87.761542 41.872905,-87.758301 41.899457,-87.767984 41.894946,-87.754875 41.894862,-87.764025 41.873936,-87.755483 41.880386,-87.754088 41.877557,-87.755726 41.891801,-87.766557 41.884815,-87.749109 41.873936,-87.755483 41.890082,-87.768431 41.899462,-87.756939 41.880400,-87.753009 41.881745,-87.750833 41.880488,-87.745965 41.902008,-87.774592 41.878433,-87.758127 41.887822,-87.754480 41.881087,-87.757534 41.898991,-87.748352 41.891908,-87.765282 41.883492,-87.753957 41.892123,-87.757945 41.895791,-87.762000 41.884373,-87.751327 41.869137,-87.744857 41.888309,-87.765141 41.882885,-87.769853 41.881739,-87.751282 41.892143,-87.757949 41.883006,-87.764953 41.886283,-87.763396 41.884808,-87.756450 41.895638,-87.773843 41.889397,-87.750503 41.887216,-87.755620 41.897305,-87.753208 41.878211,-87.757615 41.887216,-87.765522 41.892889,-87.768446 41.883668,-87.755186 41.885018,-87.766679 41.898651,-87.748953 41.877865,-87.757599 41.879783,-87.773012 41.894898,-87.759702 41.869137,-87.744857 41.880802,-87.773246 41.883489,-87.749059 41.866308,-87.772928 41.876553,-87.763472 41.890046,-87.756381 41.894028,-87.749209 41.884694,-87.754005 41.883091,-87.748563 41.877626,-87.750394 41.890611,-87.757893 41.893815,-87.773723 41.883706,-87.749068 41.874886,-87.751850 41.895240,-87.745815 41.886988,-87.751730 41.891878,-87.745699 41.901423,-87.747036 41.882210,-87.767035 41.884938,-87.758906 41.877464,-87.762949 41.873905,-87.758057 41.896952,-87.763639 41.871869,-87.761894 41.869961,-87.771835 41.878797,-87.761770 41.880264,-87.763607 41.885696,-87.748704
